"id","CAS Number","tri_chemical_id","srs_id","Substance Number","NJ Right to Know FactSheet (URL)"
"9ab8c273-4d0e-44a0-968c-0a68799c540e","0100-01-06","100016",19109,NA,""
"9ab8c2c4-7fab-4ca3-857b-77d006906f2a","0100-02-07","100027",19117,NA,""
"9ab8bdcf-ab02-45ab-84f2-f173d2023fa7","100-25-4","100254",NA,"3019","https://www.nj.gov/health/eoh/rtkweb/documents/fs/3019.pdf"
"9ab8bea3-84f0-4d9d-8724-f6daf84c2b82","100-41-4","100414",19406,"0851","https://www.nj.gov/health/eoh/rtkweb/documents/fs/0851.pdf"
"9ab8c5c9-8374-4feb-82c8-1993a862b5e8","100-42-5","100425",19414,"1748","https://www.nj.gov/health/eoh/rtkweb/documents/fs/1748.pdf"
"9ab8b730-59c2-485b-ac41-cca1f72857d7","100-44-7","100447",19430,"0217","https://www.nj.gov/health/eoh/rtkweb/documents/fs/0217.pdf"
"9ab8c32e-7649-4f37-b2fe-0801d8537476","100-75-4","100754",19695,"1412","https://www.nj.gov/health/eoh/rtkweb/documents/fs/1412.pdf"
"9ab8c387-c667-485c-909c-09b58d8a2819","10028-15-6","10028156",166678,"1451","https://www.nj.gov/health/eoh/rtkweb/documents/fs/1451.pdf"
"9ab8c000-47a8-4d53-9bcb-070a5b7dc3ad","10034-93-2","10034932",166959,"2360","https://www.nj.gov/health/eoh/rtkweb/documents/fs/2360.pdf"
"9ab8b932-4ad0-4354-a687-1f08ca513f35","10049-04-04","10049044",167296,NA,""
"9ab8bc82-9273-4623-8727-76cb856b82c9","10061-02-06","10061026",NA,NA,""
"9ab8b67d-99e3-43ca-b43a-658574c550c7","0101-05-03","101053",NA,NA,""
"9ab8c156-70eb-4c5b-a833-704e9312c796","101-14-4","101144",19943,"1250","https://www.nj.gov/health/eoh/rtkweb/documents/fs/1250.pdf"
"9ab8c15e-95c3-45ed-8627-637029647cf9","101-61-1","101611",NA,"1252","https://www.nj.gov/health/eoh/rtkweb/documents/fs/1252.pdf"
"9ab8c91b-0035-4281-bef9-7bc33ce5f9dc","101-68-8","101688",NA,"1253","https://www.nj.gov/health/eoh/rtkweb/documents/fs/1253.pdf"
"9ab8c16e-d13b-4f8b-8c45-db2d43157dcb","101-77-9","101779",20347,"1256","https://www.nj.gov/health/eoh/rtkweb/documents/fs/1256.pdf"
"9ab8bb24-49e7-455a-9be2-06213cb98c64","101-80-4","101804",20362,"0612","https://www.nj.gov/health/eoh/rtkweb/documents/fs/0612.pdf"
"9ab8bd14-c4ca-4595-b662-f8a5a71b62d8","101-90-6","101906",20446,"2054","https://www.nj.gov/health/eoh/rtkweb/documents/fs/2054.pdf"
"9ab8c71f-6aa7-462c-937b-f0b93fc69894","101200-48-0","101200480",611475,"3749","https://www.nj.gov/health/eoh/rtkweb/documents/fs/3749.pdf"
"9ab8b781-f5f7-4159-9b1f-28d4a6bc59ec","10294-34-5","10294345",169995,"0245","https://www.nj.gov/health/eoh/rtkweb/documents/fs/0245.pdf"
"9ab8c8b9-8e37-4674-8de5-db94af5e1c01","10347-54-3","10347543",NA,NA,""
"9ab8b9a5-6802-4d7f-9a66-6d7a9902dc7f","0104-12-1","104121",NA,NA,""
"9ab8ca42-e723-4e95-98c4-3032a85e172f","104-40-5","104405",NA,NA,""
"9ab8c933-61ff-4415-8e80-e33502660d27","104-49-4","104494",NA,NA,""
"9ab8b695-cc57-4eb2-b040-afb97edb39e7","104-94-9","104949",NA,"2893","https://www.nj.gov/health/eoh/rtkweb/documents/fs/2893.pdf"
"9ab8c556-8ded-4c94-9f94-98f9aebaeb6f","10453-86-8","10453868",NA,"3450","https://www.nj.gov/health/eoh/rtkweb/documents/fs/3450.pdf"
"9ab8bda7-2bdb-47c7-b2bf-d066c1d8f18d","105-67-9","105679",22970,"0764","https://www.nj.gov/health/eoh/rtkweb/documents/fs/0764.pdf"
"9ab8c83c-5cf1-414a-80c8-e0234645de3d","106-42-3","106423",23580,"2904","https://www.nj.gov/health/eoh/rtkweb/documents/fs/2904.pdf"
"9ab8ba59-145a-469c-aeec-842220709f8a","106-44-5","106445",23606,"1468","https://www.nj.gov/health/eoh/rtkweb/documents/fs/1468.pdf"
"9ab8bb9e-9a21-402b-800b-f64209559e54","106-46-7","106467",23622,"0643","https://www.nj.gov/health/eoh/rtkweb/documents/fs/0643.pdf"
"9ab8b952-d979-43f7-8a6a-dc006f629b8a","106-47-8","106478",23630,"2964","https://www.nj.gov/health/eoh/rtkweb/documents/fs/2964.pdf"
"9ab8c411-8672-417e-98e6-bc814ddaa954","106-50-3","106503",23663,"1586","https://www.nj.gov/health/eoh/rtkweb/documents/fs/1586.pdf"
"9ab8c53e-5711-436a-82c1-349de2d77ea4","106-51-4","106514",23671,"1460","https://www.nj.gov/health/eoh/rtkweb/documents/fs/1460.pdf"
"9ab8b81d-a317-405d-ad09-dee0d367edae","106-88-7","106887",23937,"0287","https://www.nj.gov/health/eoh/rtkweb/documents/fs/0287.pdf"
"9ab8be83-1a4a-48f7-b45d-d676ce9d86b9","106-89-8","106898",23945,"0828","https://www.nj.gov/health/eoh/rtkweb/documents/fs/0828.pdf"
"9ab8bb5d-535b-4abb-acbc-e68fb65ced6e","106-93-4","106934",23986,"0877","https://www.nj.gov/health/eoh/rtkweb/documents/fs/0877.pdf"
"9ab8b7cc-ac54-4503-9f67-c561847cdd0a","106-94-5","106945",23994,NA,""
"9ab8b7f5-4b68-4dab-9f59-76f0da4013df","106-99-0","106990",24042,"0272","https://www.nj.gov/health/eoh/rtkweb/documents/fs/0272.pdf"
"9ab8b5c2-fc0b-4475-8a22-2e0d00427d4e","0107-02-08","107028",24075,NA,""
"9ab8b614-45e5-4ae9-a3e6-c2bfea4f9a99","0107-05-01","107051",24109,NA,""
"9ab8bbe7-c20b-4748-8366-61b246487744","0107-06-02","107062",24117,NA,""
"9ab8b60c-31ba-4da7-8e41-cc22034fd42d","0107-11-9","107119",24166,NA,""
"9ab8b5db-5a4e-4bd9-9b4f-44915f9300db","107-13-1","107131",24182,"0024","https://www.nj.gov/health/eoh/rtkweb/documents/fs/0024.pdf"
"9ab8b604-1ac2-47c8-ab91-d5be666f40db","107-18-6","107186",24224,"0036","https://www.nj.gov/health/eoh/rtkweb/documents/fs/0036.pdf"
"9ab8c4e5-384c-4e52-bf9d-41af720d9e3f","107-19-7","107197",24232,"1597","https://www.nj.gov/health/eoh/rtkweb/documents/fs/1597.pdf"
"9ab8bec3-d9bd-48b7-9ad8-d29846251dbb","107-21-1","107211",24257,"0878","https://www.nj.gov/health/eoh/rtkweb/documents/fs/0878.pdf"
"9ab8b994-27bb-4860-b792-e380f486ac18","107-30-2","107302",24299,"0391","https://www.nj.gov/health/eoh/rtkweb/documents/fs/0391.pdf"
"9ab8d057-aaa7-4408-b92a-69566cdfc5e0","1078142-10-5","1078142105",NA,NA,""
"9ab8d1a3-e5ce-433f-b594-0beab7ba5132","1078712-88-5","1078712885",NA,NA,""
"9ab8cfe5-8e91-4b09-a2b0-7c9cf1d2fa72","1078715-61-3","1078715613",1732422,NA,""
"9ab8c7fa-a052-4ad2-a375-2f0020941b53","0108-05-04","108054",24828,NA,""
"9ab8c18f-c4e3-42be-ba67-b4947b40db97","0108-10-1","108101",24851,NA,""
"9ab8c0b4-345d-4ff4-93cb-5415b49bd404","108-31-6","108316",25015,"1152","https://www.nj.gov/health/eoh/rtkweb/documents/fs/1152.pdf"
"9ab8c82b-c0b2-4e55-8baa-1c16459f8f27","108-38-3","108383",25056,"2902","https://www.nj.gov/health/eoh/rtkweb/documents/fs/2902.pdf"
"9ab8ba48-8e34-41c0-b0b5-b018682d279a","108-39-4","108394",25064,"1161","https://www.nj.gov/health/eoh/rtkweb/documents/fs/1161.pdf"
"9ab8c421-d618-49eb-bca3-2b9d3b7e7164","108-45-2","108452",25122,"1316","https://www.nj.gov/health/eoh/rtkweb/documents/fs/1316.pdf"
"9ab8b771-9a10-4b5c-8df7-b0c6d6f36ec4","108-60-1","108601",25213,"0235","https://www.nj.gov/health/eoh/rtkweb/documents/fs/0235.pdf"
"9ab8c6cd-f8fe-461b-81f6-7972081e6a2e","108-88-3","108883",25452,"1866","https://www.nj.gov/health/eoh/rtkweb/documents/fs/1866.pdf"
"9ab8b95b-8158-4d86-8709-509c44f981dd","108-90-7","108907",25478,"0379","https://www.nj.gov/health/eoh/rtkweb/documents/fs/0379.pdf"
"9ab8ba9a-2f80-4a3b-ae03-6dbe4d0f96e0","108-93-0","108930",25494,"0569","https://www.nj.gov/health/eoh/rtkweb/documents/fs/0569.pdf"
"9ab8c3f9-3e73-4d32-8231-f1f60e7c32a5","108-95-2","108952",25510,"1487","https://www.nj.gov/health/eoh/rtkweb/documents/fs/1487.pdf"
"9ab8c1c8-6d2c-4a1a-81d0-3f96da304f94","0109-06-08","109068",25601,NA,""
"9ab8c0bc-3734-4199-b31f-478b98b8b5f5","109-77-3","109773",26120,"1153","https://www.nj.gov/health/eoh/rtkweb/documents/fs/1153.pdf"
"9ab8c135-f74f-4800-a7f3-aa0221b115fa","109-86-4","109864",26211,"1211","https://www.nj.gov/health/eoh/rtkweb/documents/fs/1211.pdf"
"9ab8bf86-6c34-4670-9aee-e870faa498c3","110-00-9","110009",26328,"0952","https://www.nj.gov/health/eoh/rtkweb/documents/fs/0952.pdf"
"9ab8bfdf-83c7-462a-b465-0657de702de0","110-54-3","110543",26740,"1340","https://www.nj.gov/health/eoh/rtkweb/documents/fs/1340.pdf"
"9ab8bbcf-7922-4021-9e0d-f2e6b4af64dd","110-57-6","110576",26765,"2829","https://www.nj.gov/health/eoh/rtkweb/documents/fs/2829.pdf"
"9ab8be93-424c-47ea-b1b3-8bc48ac8d3bc","110-80-5","110805",26989,"0839","https://www.nj.gov/health/eoh/rtkweb/documents/fs/0839.pdf"
"9ab8ba92-0e44-4f11-b023-1015cd5a7b85","110-82-7","110827",27003,"0565","https://www.nj.gov/health/eoh/rtkweb/documents/fs/0565.pdf"
"9ab8c52e-1f5e-4ebc-8105-127b69281133","110-86-1","110861",27037,"1624","https://www.nj.gov/health/eoh/rtkweb/documents/fs/1624.pdf"
"9ab8ca4b-2aa9-4e7f-b547-320267f59680","11066-49-2","11066492",NA,NA,""
"9ab8bcec-4f42-4385-b00c-dfb6bbca5027","111-42-2","111422",27516,"0686","https://www.nj.gov/health/eoh/rtkweb/documents/fs/0686.pdf"
"9ab8b760-cb59-4f1f-8e21-b997ace61ecd","111-44-4","111444",27532,"0232","https://www.nj.gov/health/eoh/rtkweb/documents/fs/0232.pdf"
"9ab8b758-c249-4a99-8f10-385489d1f261","111-91-1","111911",27987,"2971","https://www.nj.gov/health/eoh/rtkweb/documents/fs/2971.pdf"
"9ab8c3a8-12b5-47a1-9eb8-3f2d5c522ae8","1114-71-2","1114712",NA,"3725","https://www.nj.gov/health/eoh/rtkweb/documents/fs/3725.pdf"
"9ab8bc20-a6d0-499b-821e-6b178477d961","111512-56-2","111512562",NA,"3680","https://www.nj.gov/health/eoh/rtkweb/documents/fs/3680.pdf"
"9ab8bd45-77fb-4171-90f6-d1a4d7f1b268","111984-09-9","111984099",NA,"3693","https://www.nj.gov/health/eoh/rtkweb/documents/fs/3693.pdf"
"9ab8c4cc-c432-45a5-bd5d-f644d802ce12","1120-71-4","1120714",79012,"1446","https://www.nj.gov/health/eoh/rtkweb/documents/fs/1446.pdf"
"9ab8ba89-ec05-437a-9d74-e765708b1212","1134-23-2","1134232",79624,"3662","https://www.nj.gov/health/eoh/rtkweb/documents/fs/3662.pdf"
"9ab8c50d-d443-4f02-8177-0f52ed256297","114-26-1","114261",28928,"1604","https://www.nj.gov/health/eoh/rtkweb/documents/fs/1604.pdf"
"9ab8c515-e05e-47a3-ab26-53746ec51d48","0115-07-01","115071",29009,NA,""
"9ab8b91a-1d25-4cb2-9434-507a1ca0e472","115-28-6","115286",NA,"3228","https://www.nj.gov/health/eoh/rtkweb/documents/fs/3228.pdf"
"9ab8bcd3-cb0f-4764-8a23-2df1ed2491b8","115-32-2","115322",29157,"0675","https://www.nj.gov/health/eoh/rtkweb/documents/fs/0675.pdf"
"9ab8b5eb-6a9a-4a8f-9da5-83d23dce98d4","0116-06-03","116063",29363,NA,""
"9ab8c64b-6fb1-4e8d-adf1-b782b2b426a8","116-14-3","116143",29397,"1819","https://www.nj.gov/health/eoh/rtkweb/documents/fs/1819.pdf"
"9ab8baeb-7666-4c9a-8b79-0c8eae2ca03c","1163-19-5","1163195",79996,"0598","https://www.nj.gov/health/eoh/rtkweb/documents/fs/0598.pdf"
"9ab8b63c-ba9b-46d8-8704-94f2adc4d1ed","117-79-3","117793",NA,"0069","https://www.nj.gov/health/eoh/rtkweb/documents/fs/0069.pdf"
"9ab8bcfc-7550-4afc-9abb-dfe426a6c27e","117-81-7","117817",29934,"0238","https://www.nj.gov/health/eoh/rtkweb/documents/fs/0238.pdf"
"9ab8bf9e-dd2e-4e59-9893-bfbfc036d604","118-74-1","118741",30346,"0978","https://www.nj.gov/health/eoh/rtkweb/documents/fs/0978.pdf"
"9ab8cc7e-d889-4540-81d8-2cdb5bc8123f","118400-71-8","118400718",NA,NA,""
"9ab8bd35-1513-4bfe-b545-1690003143c5","119-90-4","119904",30924,"0734","https://www.nj.gov/health/eoh/rtkweb/documents/fs/0734.pdf"
"9ab8bd6e-0be3-40f1-8332-071f0d7c960d","119-93-7","119937",30940,"0742","https://www.nj.gov/health/eoh/rtkweb/documents/fs/0742.pdf"
"9ab8b6a6-62de-4ca9-ad6b-d9d94964e06f","0120-12-7","120127",31013,NA,""
"9ab8be6a-a277-45b0-9d35-54b4ab8d643b","120-36-5","120365",NA,"3076","https://www.nj.gov/health/eoh/rtkweb/documents/fs/3076.pdf"
"9ab8c079-f998-404c-9cc2-867dcf89d758","120-58-1","120581",31302,"0198","https://www.nj.gov/health/eoh/rtkweb/documents/fs/0198.pdf"
"9ab8ba38-587a-4ecd-8daa-10469c282c6d","120-71-8","120718",31369,"1467","https://www.nj.gov/health/eoh/rtkweb/documents/fs/1467.pdf"
"9ab8b8f9-8863-4f81-a9d7-5d23ba5b8be4","120-80-9","120809",31427,"0722","https://www.nj.gov/health/eoh/rtkweb/documents/fs/0722.pdf"
"9ab8c750-04dd-4add-8bf0-a3fc4487e5dd","120-82-1","120821",31435,"1887","https://www.nj.gov/health/eoh/rtkweb/documents/fs/1887.pdf"
"9ab8bc69-dd81-4616-aa5f-60d965087e6f","120-83-2","120832",31443,"2344","https://www.nj.gov/health/eoh/rtkweb/documents/fs/2344.pdf"
"9ab8bdef-fd35-452c-aa27-6b5db5138e3a","121-14-2","121142",31575,"0783","https://www.nj.gov/health/eoh/rtkweb/documents/fs/0783.pdf"
"9ab8c799-0096-457c-a26d-017b13e0a174","121-44-8","121448",31708,"1907","https://www.nj.gov/health/eoh/rtkweb/documents/fs/1907.pdf"
"9ab8bd65-f841-48da-ace4-7ad660e57b5a","121-69-7","121697",31880,"0741","https://www.nj.gov/health/eoh/rtkweb/documents/fs/0741.pdf"
"9ab8c0ac-1d1c-491d-9854-09611a3d2e9e","121-75-5","121755",31922,"1150","https://www.nj.gov/health/eoh/rtkweb/documents/fs/1150.pdf"
"9ab8c854-e51c-40bc-9d97-faa9c2790d2b","12122-67-7","12122677",179374,"2045","https://www.nj.gov/health/eoh/rtkweb/documents/fs/2045.pdf"
"9ab8c45a-ce74-4811-9c4f-91094525f5a8","12185-10-3","12185103",153049,NA,""
"9ab8c587-de1c-4882-aa1a-7e14dc4c5a15","122-34-9","122349",32219,"3454","https://www.nj.gov/health/eoh/rtkweb/documents/fs/3454.pdf"
"9ab8be21-4597-46cb-ad62-d4d0d510e7a0","122-39-4","122394",32250,"0796","https://www.nj.gov/health/eoh/rtkweb/documents/fs/0796.pdf"
"9ab8be29-57ff-4721-a6f2-f2be0a7735d8","122-66-7","122667",32425,"0800","https://www.nj.gov/health/eoh/rtkweb/documents/fs/0800.pdf"
"9ab8c028-b6ed-49e7-b70a-e3496eee597b","123-31-9","123319",32904,"1019","https://www.nj.gov/health/eoh/rtkweb/documents/fs/1019.pdf"
"9ab8c505-bb41-4220-8bca-7afeb630f3ed","123-38-6","123386",32953,"1598","https://www.nj.gov/health/eoh/rtkweb/documents/fs/1598.pdf"
"9ab8c92b-2f8c-402a-8128-142b987d5b76","123-61-5","123615",NA,NA,""
"9ab8c38f-db75-4145-86c2-5a1f34f0e983","123-63-7","123637",33076,"1455","https://www.nj.gov/health/eoh/rtkweb/documents/fs/1455.pdf"
"9ab8b825-ac1c-439f-8d0b-90d03710a91b","123-72-8","123728",33134,"0299","https://www.nj.gov/health/eoh/rtkweb/documents/fs/0299.pdf"
"9ab8be11-17ee-4b1e-a0ae-e8c60b5eae3f","123-91-1","123911",33241,"0789","https://www.nj.gov/health/eoh/rtkweb/documents/fs/0789.pdf"
"9ab8cee0-f06e-4132-ad66-9c94c84e7910","123171-68-6","123171686",NA,NA,""
"9ab8bd4d-ad09-41fa-8247-2dc2952989e9","124-40-3","124403",33555,"0737","https://www.nj.gov/health/eoh/rtkweb/documents/fs/0737.pdf"
"9ab8bb65-72a8-4458-ac69-6d8025fe0929","124-73-2","124732",33654,"3137","https://www.nj.gov/health/eoh/rtkweb/documents/fs/3137.pdf"
"9ab8c0c4-b39e-4322-bd58-c76864f0d2ef","12427-38-2","12427382",182170,"1154","https://www.nj.gov/health/eoh/rtkweb/documents/fs/1154.pdf"
"9ab8d12a-2885-4c13-934d-26a468ab2eec","125476-71-3","125476713",NA,NA,""
"9ab8c7d1-f3b2-4bbb-8f03-72e4e6af2d6e","126-72-7","126727",33969,"1957","https://www.nj.gov/health/eoh/rtkweb/documents/fs/1957.pdf"
"9ab8c0f5-4463-40bf-9c39-11dc71b85264","126-98-7","126987",34082,"1220","https://www.nj.gov/health/eoh/rtkweb/documents/fs/1220.pdf"
"9ab8b9b5-8f4c-4230-8271-4fa23cc87f24","126-99-8","126998",34090,"0407","https://www.nj.gov/health/eoh/rtkweb/documents/fs/0407.pdf"
"9ab8c622-db67-4367-b8e0-1638c7d5d1e1","127-18-4","127184",34157,"1810","https://www.nj.gov/health/eoh/rtkweb/documents/fs/1810.pdf"
"9ab8cadd-733e-4553-84df-10da03aaba85","127087-87-0","127087870",NA,NA,""
"9ab8bc10-7b22-4ed4-bfbb-c0b14378d1a3","127564-92-5","127564925",NA,"3681","https://www.nj.gov/health/eoh/rtkweb/documents/fs/3681.pdf"
"9ab8c49c-0eef-43da-a420-b53be0016840","128-03-0","128030",34454,"3735","https://www.nj.gov/health/eoh/rtkweb/documents/fs/3735.pdf"
"9ab8c5a0-32ba-4ece-962a-9ed560d66aa3","0128-04-01","128041",34462,NA,""
"9ab8b8a7-5177-481a-8794-1175e6651891","128-66-5","128665",NA,"0512","https://www.nj.gov/health/eoh/rtkweb/documents/fs/0512.pdf"
"9ab8bc49-2565-4a0b-a94c-875921fbdba9","128903-21-9","128903219",NA,"3682","https://www.nj.gov/health/eoh/rtkweb/documents/fs/3682.pdf"
"9ab8bdaf-449a-41af-82a1-11e16440d3ad","0131-11-3","131113",35295,NA,""
"9ab8c5b9-1e25-4aa4-bb10-114cb3d91107","131-52-2","131522",NA,"1712","https://www.nj.gov/health/eoh/rtkweb/documents/fs/1712.pdf"
"9ab8c201-5a8b-4a78-a676-7e2a567c11e8","1313-27-5","1313275",82800,"1312","https://www.nj.gov/health/eoh/rtkweb/documents/fs/1312.pdf"
"9ab8c6bd-87b8-44b6-b917-ff1631a1e32f","1314-20-1","1314201",82974,"1856","https://www.nj.gov/health/eoh/rtkweb/documents/fs/1856.pdf"
"9ab8ba40-6d85-4b0f-83c7-62bc7e8173b1","1319-77-3","1319773",83550,"0537","https://www.nj.gov/health/eoh/rtkweb/documents/fs/0537.pdf"
"9ab8be8b-293c-4e46-a4c7-a3f692cb40eb","13194-48-4","13194484",184630,"2395","https://www.nj.gov/health/eoh/rtkweb/documents/fs/2395.pdf"
"9ab8c5c1-4799-49d8-a75d-b353e8f5f5e4","132-27-4","132274",35592,"3458","https://www.nj.gov/health/eoh/rtkweb/documents/fs/3458.pdf"
"9ab8bb4d-1bb6-4b83-a594-0d077b6d5881","132-64-9","132649",35709,"2230","https://www.nj.gov/health/eoh/rtkweb/documents/fs/2230.pdf"
"9ab8be72-c074-42c9-99eb-ae687d5dea62","1320-18-9","1320189",NA,"2944","https://www.nj.gov/health/eoh/rtkweb/documents/fs/2944.pdf"
"9ab8cd8c-489c-484c-991c-2f97289d05b5","13252-13-6","13252136",1731626,NA,""
"9ab8b8bf-8ac6-486f-a99b-7d33db5ad276","0133-06-02","133062",35790,NA,""
"9ab8bf5d-ecb8-4c44-a637-00ae8b945374","0133-07-03","133073",35808,NA,""
"9ab8b909-c412-410f-a3d6-4ce2cba857c9","133-90-4","133904",NA,"0357","https://www.nj.gov/health/eoh/rtkweb/documents/fs/0357.pdf"
"9ab8c823-ac98-428c-9b1e-0ecf7ff2715a","1330-20-7","1330207",84970,"2014","https://www.nj.gov/health/eoh/rtkweb/documents/fs/2014.pdf"
"9ab8b6be-9af4-496b-8625-95f0d5359a8d","1332-21-4","1332214",85282,"0164","https://www.nj.gov/health/eoh/rtkweb/documents/fs/0164.pdf"
"9ab8bfc7-4ec6-4857-8621-0044cd0dea62","1335-87-1","1335871",NA,"0982","https://www.nj.gov/health/eoh/rtkweb/documents/fs/0982.pdf"
"9ab8befc-a6dc-4dee-bfac-f41fa4b260fc","13356-08-06","13356086",185488,NA,""
"9ab8c48b-9add-4afc-9c37-e00192722448","1336-36-3","1336363",85878,"1554","https://www.nj.gov/health/eoh/rtkweb/documents/fs/1554.pdf"
"9ab8b69d-dfa6-4420-95be-b9b07f6903bd","134-29-2","134292",NA,"1422","https://www.nj.gov/health/eoh/rtkweb/documents/fs/1422.pdf"
"9ab8c242-a48a-4034-ad1b-384aa8267550","134-32-7","134327",36087,"1325","https://www.nj.gov/health/eoh/rtkweb/documents/fs/1325.pdf"
"9ab8c8c9-b56b-4d61-98bd-5c2998e6dae1","134190-37-7","134190377",NA,NA,""
"9ab8b624-8b57-4b8e-b730-a7990e925b98","1344-28-1","1344281",86132,"2891","https://www.nj.gov/health/eoh/rtkweb/documents/fs/2891.pdf"
"9ab8c041-171f-4708-85d4-9ccd676fab63","13463-40-6","13463406",NA,"1037","https://www.nj.gov/health/eoh/rtkweb/documents/fs/1037.pdf"
"9ab8bc18-9138-4584-bfeb-71e88ab42323","13474-88-9","13474889",NA,"3679","https://www.nj.gov/health/eoh/rtkweb/documents/fs/3679.pdf"
"9ab8ba79-9acb-435a-b83c-81890724e605","135-20-6","135206",36301,"0545","https://www.nj.gov/health/eoh/rtkweb/documents/fs/0545.pdf"
"9ab8cd9c-81ae-4c24-b9cf-a69ebf4b2baf","135228-60-3","135228603",NA,NA,""
"9ab8be39-7da7-4440-b8a2-927da8378414","136-45-8","136458",NA,"3701","https://www.nj.gov/health/eoh/rtkweb/documents/fs/3701.pdf"
"9ab8bc41-1630-4de9-9a85-fc47483c2a45","136013-79-1","136013791",NA,"3683","https://www.nj.gov/health/eoh/rtkweb/documents/fs/3683.pdf"
"9ab8baf3-8a9d-4c78-8e0f-248938379c31","13684-56-5","13684565",NA,"3666","https://www.nj.gov/health/eoh/rtkweb/documents/fs/3666.pdf"
"9ab8c6b5-776a-47ea-801d-d7bc9bd92e21","137-26-8","137268",36913,"1854","https://www.nj.gov/health/eoh/rtkweb/documents/fs/1854.pdf"
"9ab8c4a4-2510-462d-8ce5-99f573773551","137-41-7","137417",36962,"3736","https://www.nj.gov/health/eoh/rtkweb/documents/fs/3736.pdf"
"9ab8c0fd-5afe-4342-ba4f-7fbe1f419a6d","137-42-8","137428",36970,"3711","https://www.nj.gov/health/eoh/rtkweb/documents/fs/3711.pdf"
"9ab8be41-a623-46b1-8e6f-3fe146304fb6","138-93-2","138932",NA,"3702","https://www.nj.gov/health/eoh/rtkweb/documents/fs/3702.pdf"
"9ab8c26b-3dde-46e1-9b6a-5b280fc613ce","139-13-9","139139",37374,"1358","https://www.nj.gov/health/eoh/rtkweb/documents/fs/1358.pdf"
"9ab8c8f2-9250-4a46-a9e2-406ea14302c7","139-25-3","139253",NA,NA,""
"9ab8c684-f5e1-4994-ae0e-ff06ff237bc7","139-65-1","139651",NA,"1847","https://www.nj.gov/health/eoh/rtkweb/documents/fs/1847.pdf"
"9ab8be9b-685b-4ea0-ac55-91ce5c7d501d","140-88-5","140885",37929,"0843","https://www.nj.gov/health/eoh/rtkweb/documents/fs/0843.pdf"
"9ab8b7fd-6875-4a68-88e0-8d1d6177f53b","141-32-2","141322",38281,"0278","https://www.nj.gov/health/eoh/rtkweb/documents/fs/0278.pdf"
"9ab8c22a-1ffc-42a3-9958-58eac41e7581","142-59-6","142596",38844,"3720","https://www.nj.gov/health/eoh/rtkweb/documents/fs/3720.pdf"
"9ab8d0d9-0d84-443c-9a9d-93c7daf32686","142636-88-2","142636882",NA,NA,""
"9ab8d132-4ca7-42bb-ab76-75fe9f1ee874","143372-54-7","143372547",631945,NA,""
"9ab8bf2d-714f-4254-940c-d5c0aa388997","14484-64-1","14484641",NA,"0917","https://www.nj.gov/health/eoh/rtkweb/documents/fs/0917.pdf"
"9ab8bce4-37ec-4143-b8bc-bab49180d025","1464-53-5","1464535",NA,"0685","https://www.nj.gov/health/eoh/rtkweb/documents/fs/0685.pdf"
"9ab8c66c-1c25-4093-b5cb-1bccc9c608eb","148-79-8","148798",39826,"3746","https://www.nj.gov/health/eoh/rtkweb/documents/fs/3746.pdf"
"9ab8d047-8117-4e27-a1cf-6da5b5ed4877","148240-85-1","148240851",NA,NA,""
"9ab8d04f-93d1-4e05-95f0-ac5dd9b00603","148240-87-3","148240873",NA,NA,""
"9ab8d03f-6680-4f46-afca-1f4a5f804bb9","148240-89-5","148240895",NA,NA,""
"9ab8c0dc-f4d3-4b3b-aea6-6ecc94b1b554","149-30-4","149304",39883,"3710","https://www.nj.gov/health/eoh/rtkweb/documents/fs/3710.pdf"
"9ab8c0ed-34cb-4b2b-835f-c6cb5a2837ce","150-50-5","150505",40048,"3359","https://www.nj.gov/health/eoh/rtkweb/documents/fs/3359.pdf"
"9ab8c211-da27-4e08-80f4-db9fc85a316b","150-68-5","150685",NA,"3719","https://www.nj.gov/health/eoh/rtkweb/documents/fs/3719.pdf"
"9ab8d090-59ed-41f9-b908-a3c0f9bd78a8","150135-57-2","150135572",NA,NA,""
"9ab8becb-e858-4b2d-99ff-f9dad5f27f6b","151-56-4","151564",40279,"0881","https://www.nj.gov/health/eoh/rtkweb/documents/fs/0881.pdf"
"9ab8c2f5-4893-47db-8aef-5293468d7bc1","0156-10-5","156105",NA,NA,""
"9ab8b8b7-7ad0-4381-b88e-33348e994b32","156-62-7","156627",40477,"0316","https://www.nj.gov/health/eoh/rtkweb/documents/fs/0316.pdf"
"9ab8b8cf-c268-48b7-a1f3-97b356962c0a","1563-66-2","1563662",88666,"0341","https://www.nj.gov/health/eoh/rtkweb/documents/fs/0341.pdf"
"9ab8c94b-f48e-45b9-8219-5ba47a8c5b3b","15646-96-5","15646965",NA,NA,""
"9ab8c7a1-17b0-4bcf-b0ab-c8c5e29ac7c0","1582-09-08","1582098",89060,NA,""
"9ab8b5e3-6205-4333-ab4c-71d1d238494b","15972-60-8","15972608",202549,"3143","https://www.nj.gov/health/eoh/rtkweb/documents/fs/3143.pdf"
"9ab8b866-6a18-4989-9872-9a2d7d315637","16071-86-6","16071866",NA,"0478","https://www.nj.gov/health/eoh/rtkweb/documents/fs/0478.pdf"
"9ab8c146-25d4-405a-95e4-ea25ec65a5e5","1634-04-04","1634044",89870,NA,""
"9ab8bbd7-89e8-45e1-b021-a6244ef2fdd7","1649-08-07","1649087",90118,NA,""
"9ab8cddd-9f54-4a50-a541-5c6043b8bb64","16517-11-6","16517116",NA,NA,""
"9ab8cd39-bee0-448a-8fa9-b52205adc9b4","1652-63-7","1652637",90126,NA,""
"9ab8c326-598e-40e3-9c8b-68785a792b04","16543-55-8","16543558",NA,"2900","https://www.nj.gov/health/eoh/rtkweb/documents/fs/2900.pdf"
"9ab8b7dc-ce3d-482f-bb08-d2043350e2e6","1689-84-5","1689845",90837,"3211","https://www.nj.gov/health/eoh/rtkweb/documents/fs/3211.pdf"
"9ab8b7e4-e022-4e13-8635-51d426cf44dd","1689-99-2","1689992",90845,"3212","https://www.nj.gov/health/eoh/rtkweb/documents/fs/3212.pdf"
"9ab8cce0-13a1-4bde-840d-6b3f8542f555","1691-99-2","1691992",NA,NA,""
"9ab8c943-e2c0-4ac1-b8ad-1e5232aa42b5","16938-22-0","16938220",NA,NA,""
"9ab8bbf7-f6fb-451b-8670-a2b2528bca1d","1717-00-6","1717006",91348,"3270","https://www.nj.gov/health/eoh/rtkweb/documents/fs/3270.pdf"
"9ab8cdd5-65f7-43c6-8ed6-8ed94fa0be31","17202-41-4","17202414",NA,NA,""
"9ab8c95b-adbd-4bd2-a128-4b8aeed6d508","1746-01-06","1746016",NA,NA,""
"9ab8ce90-0031-4688-94a8-cb287a029575","1763-23-1","1763231",92205,NA,""
"9ab8d17b-974a-47b0-9bf7-6c21de8b1e0b","17741-60-5","17741605",NA,NA,""
"9ab8b6e6-ffa7-4d5d-a48b-9f26a8c04045","17804-35-2","17804352",209593,"0192","https://www.nj.gov/health/eoh/rtkweb/documents/fs/0192.pdf"
"9ab8ce0e-428a-47d2-978c-38fd66737420","178094-69-4","178094694",NA,NA,""
"9ab8cd08-be46-4741-b8bc-a801e0651a49","178535-23-4","178535234",NA,NA,""
"9ab8d152-a9e2-48ff-b0e6-5364c7789dbd","180582-79-0","180582790",644310,NA,""
"9ab8ccbf-ae31-44e7-89d9-294884f7810a","182176-52-9","182176529",NA,NA,""
"9ab8c29c-14a9-4463-9a19-fe5eaaf41ddd","1836-75-5","1836755",NA,"1374","https://www.nj.gov/health/eoh/rtkweb/documents/fs/1374.pdf"
"9ab8b6de-d15b-40c8-a592-3e18b998b379","1861-40-1","1861401",93526,"3181","https://www.nj.gov/health/eoh/rtkweb/documents/fs/3181.pdf"
"9ab8cb35-16e5-4720-a3ae-6280857a93d1","189-55-9","189559",NA,"0626","https://www.nj.gov/health/eoh/rtkweb/documents/fs/0626.pdf"
"9ab8cb65-9d3d-46c7-8b90-5894920a2a3c","189-64-0","189640",NA,"0625","https://www.nj.gov/health/eoh/rtkweb/documents/fs/0625.pdf"
"9ab8b9de-a400-4a8c-ba77-a327d050d773","1897-45-6","1897456",93971,"0415","https://www.nj.gov/health/eoh/rtkweb/documents/fs/0415.pdf"
"9ab8c35e-f7f3-42ce-accb-50f5bcc080a2","19044-88-3","19044883",213793,"3409","https://www.nj.gov/health/eoh/rtkweb/documents/fs/3409.pdf"
"9ab8b70f-f9c4-4ff8-a0ba-d859027197d0","191-24-2","191242",40576,"2968","https://www.nj.gov/health/eoh/rtkweb/documents/fs/2968.pdf"
"9ab8cb6d-9cbb-4733-a498-baba81cbe4b1","191-30-0","191300",NA,"3260","https://www.nj.gov/health/eoh/rtkweb/documents/fs/3260.pdf"
"9ab8c397-f194-44ca-9db0-8d05cb70a240","1910-42-5","1910425",94110,"4083","https://www.nj.gov/health/eoh/rtkweb/documents/fs/4083.pdf"
"9ab8b6c6-b4b0-4caf-acc7-4082ea6ae4e4","1912-24-9","1912249",94128,"0171","https://www.nj.gov/health/eoh/rtkweb/documents/fs/0171.pdf"
"9ab8bb75-ded4-46d9-99ee-8bdf054b9dbb","1918-00-9","1918009",94219,"0634","https://www.nj.gov/health/eoh/rtkweb/documents/fs/0634.pdf"
"9ab8c46b-40aa-4353-b60a-ad353f393bb2","1918-02-01","1918021",94227,NA,""
"9ab8c4c4-a07e-4579-a754-2b056d6adb27","1918-16-7","1918167",94235,"3438","https://www.nj.gov/health/eoh/rtkweb/documents/fs/3438.pdf"
"9ab8cb5d-8365-4236-857d-2e40fa22b8e7","192-65-4","192654",NA,"0624","https://www.nj.gov/health/eoh/rtkweb/documents/fs/0624.pdf"
"9ab8bafb-c786-46df-b0d5-f5496c5126b0","1928-43-4","1928434",94383,"3667","https://www.nj.gov/health/eoh/rtkweb/documents/fs/3667.pdf"
"9ab8bad3-2881-483b-b261-3cc5cfbb8885","1929-73-3","1929733",94441,"2949","https://www.nj.gov/health/eoh/rtkweb/documents/fs/2949.pdf"
"9ab8c25b-279d-4881-a3f2-ce71a0375804","1929-82-4","1929824",94466,"1355","https://www.nj.gov/health/eoh/rtkweb/documents/fs/1355.pdf"
"9ab8cb96-9597-45b0-9bd4-92485032c31b","193-39-5","193395",NA,"3052","https://www.nj.gov/health/eoh/rtkweb/documents/fs/3052.pdf"
"9ab8b84e-004e-4d54-ad31-16e5474fb5ae","1937-37-7","1937377",NA,"0453","https://www.nj.gov/health/eoh/rtkweb/documents/fs/0453.pdf"
"9ab8cb75-b239-49a9-a0c6-44d323ee118b","194-59-2","194592",NA,"0970","https://www.nj.gov/health/eoh/rtkweb/documents/fs/0970.pdf"
"9ab8c97c-1c04-4409-ab70-4c109ebed126","19408-74-3","19408743",NA,NA,""
"9ab8d098-675d-4482-8644-8659756d4485","196316-34-4","196316344",NA,NA,""
"9ab8c36f-6b56-4671-8a72-342e2c847e87","19666-30-9","19666309",215327,"3410","https://www.nj.gov/health/eoh/rtkweb/documents/fs/3410.pdf"
"9ab8c598-22ef-4f5d-bacb-b214cc395ea2","1982-69-0","1982690",95117,"3739","https://www.nj.gov/health/eoh/rtkweb/documents/fs/3739.pdf"
"9ab8c727-7c99-4c33-bec2-0b2318ac912f","1983-10-4","1983104",NA,"3750","https://www.nj.gov/health/eoh/rtkweb/documents/fs/3750.pdf"
"9ab8d0c8-d1bb-45e4-aa0d-3e9343854f08","1996-88-9","1996889",NA,NA,""
"9ab8d0f1-3ca7-4814-aa5e-724afcff0dd9","200513-42-4","200513424",NA,NA,""
"9ab8c115-b075-4cbb-a5df-488f074e816d","2032-65-7","2032657",95679,"1165","https://www.nj.gov/health/eoh/rtkweb/documents/fs/1165.pdf"
"9ab8bd3d-5db8-4791-88a0-edeb3fa9d1a4","20325-40-0","20325400",217208,"3692","https://www.nj.gov/health/eoh/rtkweb/documents/fs/3692.pdf"
"9ab8c10d-a077-42a4-853f-075914f87349","20354-26-1","20354261",NA,"3712","https://www.nj.gov/health/eoh/rtkweb/documents/fs/3712.pdf"
"9ab8d0f9-aa00-44a5-8441-1276a33e68ee","203743-03-7","203743037",NA,NA,""
"9ab8ca8b-d8fb-4391-8226-ecb092ee79af","20427-84-3","20427843",NA,NA,""
"9ab8cc5e-8878-49d2-9d2b-6d68db9aff8d","2043-53-0","2043530",95869,NA,""
"9ab8cc86-e579-4839-ae2e-ebb9c9876196","2043-54-1","2043541",NA,NA,""
"9ab8cb1c-cb38-4e7c-8613-4cc8900a403a","205-82-3","205823",NA,"0210","https://www.nj.gov/health/eoh/rtkweb/documents/fs/0210.pdf"
"9ab8cb14-b666-4d21-b9ca-ce00aa93735c","205-99-2","205992",NA,"0208","https://www.nj.gov/health/eoh/rtkweb/documents/fs/0208.pdf"
"9ab8cb2c-fdad-4fed-aab9-73c0ef7b7014","206-44-0","206440",NA,"2970","https://www.nj.gov/health/eoh/rtkweb/documents/fs/2970.pdf"
"9ab8cb24-d9f1-4808-b4d3-a240ff76a6b4","0207-08-09","207089",NA,NA,""
"9ab8c367-1ce8-4305-9e43-05aedd07e1d2","20816-12-0","20816120",218685,"1441","https://www.nj.gov/health/eoh/rtkweb/documents/fs/1441.pdf"
"9ab8b62c-9ddc-4ab5-94e1-b1072cfbce0f","20859-73-8","20859738",218818,"0063","https://www.nj.gov/health/eoh/rtkweb/documents/fs/0063.pdf"
"9ab8c1e0-f21d-4784-ab63-a077c81d4c33","21087-64-9","21087649",219204,"1302","https://www.nj.gov/health/eoh/rtkweb/documents/fs/1302.pdf"
"9ab8d0b8-af2c-4fb8-b674-a04b1d96af82","2144-54-9","2144549",NA,NA,""
"9ab8c72f-89ca-4c30-9842-cedc89cce7e2","2155-70-6","2155706",NA,"3751","https://www.nj.gov/health/eoh/rtkweb/documents/fs/3751.pdf"
"9ab8be31-6f4c-4b7a-84b5-cceaedf0a7cc","2164-07-0","2164070",97998,"3700","https://www.nj.gov/health/eoh/rtkweb/documents/fs/3700.pdf"
"9ab8bf3d-a74f-4d9a-91fe-90dc72ba0b7d","2164-17-2","2164172",NA,"0935","https://www.nj.gov/health/eoh/rtkweb/documents/fs/0935.pdf"
"9ab8cea0-4935-4a5f-b796-5d20dea406c2","21652-58-4","21652584",1731644,NA,""
"9ab8ba81-d8ac-4290-b85f-71e4ef7c0fca","21725-46-2","21725462",NA,"0240","https://www.nj.gov/health/eoh/rtkweb/documents/fs/0240.pdf"
"9ab8cb04-8a67-47a3-9262-38fb7810c9b5","0218-01-09","218019",NA,NA,""
"9ab8c1f9-3e11-4bc6-a47f-732ebdb44591","2212-67-1","2212671",NA,"3718","https://www.nj.gov/health/eoh/rtkweb/documents/fs/3718.pdf"
"9ab8c34e-d559-471b-a3ec-74f498516694","2234-13-1","2234131",NA,"1427","https://www.nj.gov/health/eoh/rtkweb/documents/fs/1427.pdf"
"9ab8cb45-4ab7-42fd-ae50-864264e327f3","224-42-0","224420",NA,"0623","https://www.nj.gov/health/eoh/rtkweb/documents/fs/0623.pdf"
"9ab8cb3d-4360-4beb-8da3-0685c1a18d6a","226-36-8","226368",NA,"0621","https://www.nj.gov/health/eoh/rtkweb/documents/fs/0621.pdf"
"9ab8cdfe-17a5-4dee-a3a5-418a395fd2b7","2263-09-04","2263094",NA,NA,""
"9ab8b6d6-d04f-4e6e-a86e-78cc3fb2c318","22781-23-3","22781233",222505,"0191","https://www.nj.gov/health/eoh/rtkweb/documents/fs/0191.pdf"
"9ab8bd55-c73f-41cc-98ce-49a3de7ed3cd","2300-66-5","2300665",99838,"3694","https://www.nj.gov/health/eoh/rtkweb/documents/fs/3694.pdf"
"9ab8bb0b-f7da-4409-8672-eae8e6abaf8e","2303-16-4","2303164",99895,"0608","https://www.nj.gov/health/eoh/rtkweb/documents/fs/0608.pdf"
"9ab8c70f-1927-4238-9ff7-4adf7bee818c","2303-17-5","2303175",99903,"3474","https://www.nj.gov/health/eoh/rtkweb/documents/fs/3474.pdf"
"9ab8c4dd-16b6-4179-b436-a3f2bcfab66e","2312-35-8","2312358",100073,"1596","https://www.nj.gov/health/eoh/rtkweb/documents/fs/1596.pdf"
"9ab8c695-2037-49db-82b7-4aee66e646df","23564-06-09","23564069",NA,NA,""
"9ab8c69d-342d-49d5-b5af-887d1b9b1e99","23564-05-08","23564058",224261,NA,""
"9ab8d037-47c6-4882-9afc-3d7ee58a1305","238420-68-3","238420683",NA,NA,""
"9ab8d02f-354f-4ea0-938e-a2e4ed73e075","238420-80-9","238420809",NA,NA,""
"9ab8cfdd-787b-4d1d-ae85-8a8edce47576","2395-00-8","2395008",NA,NA,""
"9ab8c4bc-8f8a-4072-a92f-3b9c0f15cb84","23950-58-5","23950585",225102,"1592","https://www.nj.gov/health/eoh/rtkweb/documents/fs/1592.pdf"
"9ab8b901-9eb0-47fd-8e85-a085e9a013ab","2439-01-02","2439012",NA,NA,""
"9ab8be62-8048-4b18-8e69-d5de116cd468","2439-10-3","2439103",NA,"3579","https://www.nj.gov/health/eoh/rtkweb/documents/fs/3579.pdf"
"9ab8cdf5-f14e-4980-bd87-f18b2e21544a","24448-09-07","24448097",NA,NA,""
"9ab8ca53-56ab-43da-8b2d-d1ba7892b0b8","25154-52-3","25154523",NA,NA,""
"9ab8bd8e-7f2c-4a06-b665-cecdadbe6aef","2524-03-0","2524030",NA,"0770","https://www.nj.gov/health/eoh/rtkweb/documents/fs/0770.pdf"
"9ab8cd41-d77f-4690-8e3c-76e33adf8f46","25268-77-3","25268773",NA,NA,""
"9ab8c059-8958-4893-92fd-ab6653e6e8bc","25311-71-1","25311711",NA,"3709","https://www.nj.gov/health/eoh/rtkweb/documents/fs/3709.pdf"
"9ab8be00-bc21-4ecc-9077-d3eb5afbd3de","25321-14-6","25321146",231894,"2985","https://www.nj.gov/health/eoh/rtkweb/documents/fs/2985.pdf"
"9ab8bb86-28f8-4afe-a10e-5a42d0a3eac6","25321-22-6","25321226",231902,NA,""
"9ab8bb2c-68d9-4584-9864-6359070fa8a8","25376-45-8","25376458",232421,"2134","https://www.nj.gov/health/eoh/rtkweb/documents/fs/2134.pdf"
"9ab8c8c1-a27c-41bc-97c7-bb0a0901499a","2556-36-7","2556367",NA,NA,""
"9ab8ca05-2e82-4a15-93fb-3a6db07178c4","25637-99-4","25637994",NA,NA,""
"9ab8c409-6d44-4dfe-af88-1a42b76006cf","26002-80-2","26002802",236513,"3727","https://www.nj.gov/health/eoh/rtkweb/documents/fs/3727.pdf"
"9ab8b856-1d19-455d-8855-ae78795c8c98","2602-46-2","2602462",NA,"0462","https://www.nj.gov/health/eoh/rtkweb/documents/fs/0462.pdf"
"9ab8ca93-f44d-40d1-960d-4f2064cffe68","26027-38-3","26027383",NA,NA,""
"9ab8c6e6-97dd-4ffa-ad7e-ffdff6451a62","26471-62-5","26471625",239681,"3132","https://www.nj.gov/health/eoh/rtkweb/documents/fs/3132.pdf"
"9ab8ca5b-6f5d-47ab-bd73-7e5e6ab5c734","26543-97-5","26543975",NA,NA,""
"9ab8c7b9-78ff-425b-8ed0-36c52cc70ee0","2655-15-4","2655154",NA,"3756","https://www.nj.gov/health/eoh/rtkweb/documents/fs/3756.pdf"
"9ab8ca9c-07e0-4ef9-911e-7afe4b18b8e0","26571-11-9","26571119",NA,NA,""
"9ab8c590-02b8-4638-879d-f4654d8736e2","26628-22-8","26628228",240754,"1684","https://www.nj.gov/health/eoh/rtkweb/documents/fs/1684.pdf"
"9ab8c7a9-3979-4c79-b5ed-313c4b820535","26644-46-2","26644462",NA,"3753","https://www.nj.gov/health/eoh/rtkweb/documents/fs/3753.pdf"
"9ab8c5e2-125f-4bfb-88df-e896b87f77df","2699-79-8","2699798",106385,"1769","https://www.nj.gov/health/eoh/rtkweb/documents/fs/1769.pdf"
"9ab8be7a-da30-4cef-81a6-13b2c90ae252","2702-72-9","2702729",106419,"3297","https://www.nj.gov/health/eoh/rtkweb/documents/fs/3297.pdf"
"9ab8caa4-1600-4cb5-9828-77a9c59a02a6","27176-93-8","27176938",NA,NA,""
"9ab8caac-306a-45b1-87a1-fb19357dc591","27177-05-05","27177055",NA,NA,""
"9ab8cab4-4354-4a84-b823-c8552b1bf3e1","27177-08-08","27177088",NA,NA,""
"9ab8c346-c693-4a56-8f45-a894bc9ac319","27314-13-2","27314132",245191,"3405","https://www.nj.gov/health/eoh/rtkweb/documents/fs/3405.pdf"
"9ab8cc6e-ac12-4e75-b02d-920c1b1f135c","27619-90-5","27619905",NA,NA,""
"9ab8cc96-9a92-4aee-83e2-53f709696a74","27619-91-6","27619916",NA,NA,""
"9ab8d173-7cd1-42a4-9df5-21052acbd40a","27905-45-9","27905459",NA,NA,""
"9ab8cfd5-6706-41e2-9d36-3a4260900d3b","2795-39-3","2795393",107490,NA,""
"9ab8cabc-62af-400d-8d94-6a3d0d6f6b79","27986-36-3","27986363",NA,NA,""
"9ab8c67c-750e-415c-bd04-e1abf1ff4d83","28249-77-6","28249776",248542,"3472","https://www.nj.gov/health/eoh/rtkweb/documents/fs/3472.pdf"
"9ab8b86e-855b-4b73-9c54-9f0b3db921ab","2832-40-8","2832408",NA,"0503","https://www.nj.gov/health/eoh/rtkweb/documents/fs/0503.pdf"
"9ab8b9d6-890b-45dd-a386-b233dbcc4c5c","2837-89-0","2837890",107920,"3607","https://www.nj.gov/health/eoh/rtkweb/documents/fs/3607.pdf"
"9ab8b85e-3c15-4624-8ac9-707d1a9cce97","28407-37-6","28407376",249102,"3661","https://www.nj.gov/health/eoh/rtkweb/documents/fs/3661.pdf"
"9ab8b5fb-9f58-4867-907e-adf826cdcfc8","28434-00-6","28434006",NA,"3647","https://www.nj.gov/health/eoh/rtkweb/documents/fs/3647.pdf"
"9ab8ce1e-61d7-4737-9b6a-dbc01dec4674","29081-56-9","29081569",NA,NA,""
"9ab8c356-ec3d-47c0-9619-a3e343f30410","29082-74-4","29082744",251777,"3761","https://www.nj.gov/health/eoh/rtkweb/documents/fs/3761.pdf"
"9ab8cf6b-f883-4e66-b37d-c1f708bc2c01","29117-08-06","29117086",NA,NA,""
"9ab8c483-936b-4f72-bbf8-2ccbe265a4b1","29232-93-7","29232937",NA,"3430","https://www.nj.gov/health/eoh/rtkweb/documents/fs/3430.pdf"
"9ab8cfc5-a6fd-40ed-a182-34ee9f3097a7","29420-49-3","29420493",253062,NA,""
"9ab8cdc4-ed9f-4dbf-9c41-f64b2df09f7a","29457-72-5","29457725",NA,NA,""
"9ab8bae3-5897-4c31-96a8-eda999e64db9","2971-38-2","2971382",NA,"2947","https://www.nj.gov/health/eoh/rtkweb/documents/fs/2947.pdf"
"9ab8c1c0-5824-429d-bcf2-8cbfb3508a39","298-00-0","298000",NA,"1283","https://www.nj.gov/health/eoh/rtkweb/documents/fs/1283.pdf"
"9ab8cd10-fc1c-4d89-bc36-44cce2fd403b","2991-51-7","2991517",NA,NA,""
"9ab8c232-2d99-4dcf-b0e7-fc09acd1c73b","300-76-5","300765",41426,"0751","https://www.nj.gov/health/eoh/rtkweb/documents/fs/0751.pdf"
"9ab8d15b-2299-4df2-84ee-c429f8559e2f","30046-31-2","30046312",NA,NA,""
"9ab8c377-8cdb-4c9a-9525-79a55adbbe84","0301-12-2","301122",NA,NA,""
"9ab8bff8-3512-461a-9534-069ee4cef4f2","0302-01-02","302012",41541,NA,""
"9ab8b58a-7a25-41a9-8bfa-ab0823b50a19","30560-19-1","30560191",256677,"3140","https://www.nj.gov/health/eoh/rtkweb/documents/fs/3140.pdf"
"9ab8bcbb-85be-4b79-8fcc-0f9d093b730a","306-83-2","306832",41855,"3613","https://www.nj.gov/health/eoh/rtkweb/documents/fs/3613.pdf"
"9ab8ceb0-6410-4bb9-ac77-87cd6e0e82ed","307-35-7","307357",41921,NA,""
"9ab8ce77-cda8-4e7d-82e2-cc3cf095b653","307-55-1","307551",41947,NA,""
"9ab8b5f3-8e5e-4cd5-9cae-02afe8098268","309-00-2","309002",42002,"0033","https://www.nj.gov/health/eoh/rtkweb/documents/fs/0033.pdf"
"9ab8cc56-6be5-4391-8b50-2ade32b6a9a1","3107-18-4","3107184",NA,NA,""
"9ab8b886-d797-428c-924a-59d1cb1ac3ee","3118-97-6","3118976",NA,"0506","https://www.nj.gov/health/eoh/rtkweb/documents/fs/0506.pdf"
"9ab8c4ed-4dce-4699-86fb-3b95498630b9","31218-83-4","31218834",NA,"3738","https://www.nj.gov/health/eoh/rtkweb/documents/fs/3738.pdf"
"9ab8b793-e27e-41a7-861d-7ca1ef271820","314-40-9","314409",42127,"0251","https://www.nj.gov/health/eoh/rtkweb/documents/fs/0251.pdf"
"9ab8cded-d607-47d3-9179-7d8f273c9c35","31506-32-8","31506328",259697,NA,""
"9ab8c923-1df2-4f08-a138-b9f4f71949a1","3173-72-6","3173726",NA,"1323","https://www.nj.gov/health/eoh/rtkweb/documents/fs/1323.pdf"
"9ab8bfaf-0761-4a8a-bfde-42306eafd35c","319-84-6","319846",42184,"0566","https://www.nj.gov/health/eoh/rtkweb/documents/fs/0566.pdf"
"9ab8c9fd-12b2-4469-8b8c-2b61e0b5bc85","3194-55-6","3194556",NA,NA,""
"9ab8c98c-74a8-41c5-b83c-ee20d5edd431","3268-87-9","3268879",NA,NA,""
"9ab8b750-b459-4c2f-acd1-081891c5dcda","3296-90-0","3296900",114298,"4099","https://www.nj.gov/health/eoh/rtkweb/documents/fs/4099.pdf"
"9ab8be59-e3ee-4294-abdb-7e882803700d","330-54-1","330541",42606,"0819","https://www.nj.gov/health/eoh/rtkweb/documents/fs/0819.pdf"
"9ab8c09b-f3ef-46ef-b9da-1a07fb7c33a9","330-55-2","330552",42614,"3352","https://www.nj.gov/health/eoh/rtkweb/documents/fs/3352.pdf"
"9ab8b665-246f-4c7c-8090-0cf23b86d2dd","33089-61-1","33089611",NA,"3156","https://www.nj.gov/health/eoh/rtkweb/documents/fs/3156.pdf"
"9ab8bb3c-98a0-4fdf-b388-12746019fb77","333-41-5","333415",42705,"0618","https://www.nj.gov/health/eoh/rtkweb/documents/fs/0618.pdf"
"9ab8bb44-b4a1-41c6-a5a8-0745ca304511","334-88-3","334883",NA,"0620","https://www.nj.gov/health/eoh/rtkweb/documents/fs/0620.pdf"
"9ab8ce2e-ccfb-49b6-bbd2-c5f1f7b1c7ef","335-66-0","335660",42853,NA,""
"9ab8ce98-0d40-49e9-ab8b-e55fdbd2dde6","335-67-1","335671",42861,NA,""
"9ab8cd72-80bd-4779-8a0f-f3141636ec06","335-71-7","335717",NA,NA,""
"9ab8ce6f-be4e-405b-83ea-d0eb54ad1c0e","335-76-2","335762",42887,NA,""
"9ab8d13a-6a58-4654-afd2-f088eac1430d","335-93-3","335933",NA,NA,""
"9ab8d142-862d-453f-8779-ad5c0aadefc2","335-95-5","335955",NA,NA,""
"9ab8c5fa-4c18-44be-83b4-1564905429eb","3383-96-8","3383968",NA,"1780","https://www.nj.gov/health/eoh/rtkweb/documents/fs/1780.pdf"
"9ab8c5f2-3d25-4f8d-aff8-f23293bc7d99","34014-18-1","34014181",265652,"3464","https://www.nj.gov/health/eoh/rtkweb/documents/fs/3464.pdf"
"9ab8bc9a-ec58-409e-a54c-55b926273b51","34077-87-7","34077877",NA,"3608","https://www.nj.gov/health/eoh/rtkweb/documents/fs/3608.pdf"
"9ab8d183-a11b-4b5b-9a27-b6256c574f93","34362-49-7","34362497",NA,NA,""
"9ab8d18b-ac27-4c18-bd58-8f7655bc01bb","34395-24-9","34395249",NA,NA,""
"9ab8b7b4-44bd-4693-92fc-20c8e1579819","353-59-3","353593",43380,"0384","https://www.nj.gov/health/eoh/rtkweb/documents/fs/0384.pdf"
"9ab8bd0c-aa49-45d3-879a-e9c63fd944b2","35367-38-5","35367385",269233,"3276","https://www.nj.gov/health/eoh/rtkweb/documents/fs/3276.pdf"
"9ab8c62a-f9d2-407c-b1f8-b56f65d8d524","354-11-0","354110",43448,"3742","https://www.nj.gov/health/eoh/rtkweb/documents/fs/3742.pdf"
"9ab8c633-2736-46c4-971a-63a23666a7c0","354-14-3","354143",NA,"3743","https://www.nj.gov/health/eoh/rtkweb/documents/fs/3743.pdf"
"9ab8bcb3-7183-4367-97b6-9acb3b6db74f","354-23-4","354234",NA,"3612","https://www.nj.gov/health/eoh/rtkweb/documents/fs/3612.pdf"
"9ab8b9ce-53fb-449b-ae56-ff50a490792e","354-25-6","354256",43497,"3606","https://www.nj.gov/health/eoh/rtkweb/documents/fs/3606.pdf"
"9ab8c5ea-214f-46af-94eb-6f6801842771","35400-43-2","35400432",NA,"1771","https://www.nj.gov/health/eoh/rtkweb/documents/fs/1771.pdf"
"9ab8ce7f-e4be-44f9-ac76-a53cb7e7db89","355-46-4","355464",43695,NA,""
"9ab8c030-cfc1-4231-99c8-435166a1bc6e","35554-44-0","35554440",NA,"3343","https://www.nj.gov/health/eoh/rtkweb/documents/fs/3343.pdf"
"9ab8b7ac-2599-47f2-9e13-c4ac55b3beab","35691-65-7","35691657",NA,"3652","https://www.nj.gov/health/eoh/rtkweb/documents/fs/3652.pdf"
"9ab8b7ed-32ff-4b8d-95c0-c72fe62b80fa","357-57-3","357573",NA,"0270","https://www.nj.gov/health/eoh/rtkweb/documents/fs/0270.pdf"
"9ab8c984-3692-437c-8d6f-dd6902d50e23","35822-46-9","35822469",NA,NA,""
"9ab8c125-d8aa-43ec-bd05-f0a77c2a538a","3653-48-3","3653483",NA,"3713","https://www.nj.gov/health/eoh/rtkweb/documents/fs/3713.pdf"
"9ab8cba6-c1ee-471f-88dc-362b1d542be5","3697-24-3","3697243",NA,"3367","https://www.nj.gov/health/eoh/rtkweb/documents/fs/3367.pdf"
"9ab8cac5-0b2f-4c66-8513-0285d385caae","37205-87-1","37205871",NA,NA,""
"9ab8cfa5-09e3-4729-b1a6-4a3a5d50db0f","37338-48-0","37338480",NA,NA,""
"9ab8ce67-ac5d-4995-b908-8e5c2cc17915","375-73-5","375735",44412,NA,""
"9ab8ce87-f1af-4a76-9883-c3eafdb0cd5d","375-95-1","375951",44479,NA,""
"9ab8cec0-9b89-4da8-afc1-e647b37b73c6","0376-06-07","376067",NA,NA,""
"9ab8ccf0-45e4-4f27-87d1-3a1b18ab9afb","376-14-7","376147",NA,NA,""
"9ab8cdcd-52ea-4036-9ca4-02c6bfe32852","376-27-2","376272",NA,NA,""
"9ab8b876-99ab-4257-a15a-7bcfc375ae09","3761-53-3","3761533",NA,"0504","https://www.nj.gov/health/eoh/rtkweb/documents/fs/0504.pdf"
"9ab8cfed-a1bd-4cf0-b202-c51cf1cea445","38006-74-5","38006745",NA,NA,""
"9ab8cc15-55f3-41d5-9f45-6e5d1a05e1f1","3825-26-1","3825261",NA,"3161","https://www.nj.gov/health/eoh/rtkweb/documents/fs/3161.pdf"
"9ab8cc2d-b114-480f-b54f-c284dd9f15ef","0383-07-03","383073",NA,NA,""
"9ab8c8b1-3115-4574-afeb-3e5cd835c722","38661-72-2","38661722",NA,NA,""
"9ab8cdb4-ca09-4cc6-bc5b-c197b4988631","3871-99-6","3871996",NA,NA,""
"9ab8ce3f-3bf4-45cd-b17c-575d181184ac","3872-25-1","3872251",NA,NA,""
"9ab8bcf4-63b2-4212-8294-af026bbf3a57","38727-55-8","38727558",NA,"3687","https://www.nj.gov/health/eoh/rtkweb/documents/fs/3687.pdf"
"9ab8c9dd-e7e8-45b4-a9d1-1afb69b63694","39001-02-0","39001020",NA,NA,""
"9ab8bb1c-3327-448b-a46b-12f91ee775a5","39156-41-7","39156417",NA,"2899","https://www.nj.gov/health/eoh/rtkweb/documents/fs/2899.pdf"
"9ab8c96b-ec9e-4571-ace7-fa8d23523237","39227-28-6","39227286",NA,NA,""
"9ab8d16b-66da-4f51-b44c-56f3ac20a404","39239-77-5","39239775",NA,NA,""
"9ab8be08-ff7c-4bf7-94d2-46f343ce82b7","39300-45-3","39300453",NA,"3699","https://www.nj.gov/health/eoh/rtkweb/documents/fs/3699.pdf"
"9ab8bf14-f22f-4bdf-a947-7024148670ab","39515-41-8","39515418",NA,"3253","https://www.nj.gov/health/eoh/rtkweb/documents/fs/3253.pdf"
"9ab8c963-ba49-4c18-b198-8fdae5c194b1","40321-76-4","40321764",NA,NA,""
"9ab8c3b0-2afa-460d-b5ee-48dd6e5940c0","40487-42-1","40487421",281436,"3415","https://www.nj.gov/health/eoh/rtkweb/documents/fs/3415.pdf"
"9ab8b94a-c169-4e82-947b-4534df7fd00e","4080-31-3","4080313",NA,"3655","https://www.nj.gov/health/eoh/rtkweb/documents/fs/3655.pdf"
"9ab8c902-c076-4ba4-b799-0ca66d4749fe","4098-71-9","4098719",NA,"1068","https://www.nj.gov/health/eoh/rtkweb/documents/fs/1068.pdf"
"9ab8c4ac-3c69-44bd-ba1c-23715fbc1149","41198-08-07","41198087",282798,NA,""
"9ab8c8d1-c1d7-47f1-91a2-06863b0c5378","4128-73-8","4128738",NA,NA,""
"9ab8d14a-9824-4847-a646-cdb723db25d9","4151-50-2","4151502",NA,NA,""
"9ab8ba61-3f63-4260-a42f-2d6829c8583d","4170-30-3","4170303",122135,"2888","https://www.nj.gov/health/eoh/rtkweb/documents/fs/2888.pdf"
"9ab8bd7e-298a-493f-9409-02602ad28d23","41766-75-0","41766750",NA,"3696","https://www.nj.gov/health/eoh/rtkweb/documents/fs/3696.pdf"
"9ab8bc28-c1a9-45cc-be47-5a3bb76254e5","422-44-6","422446",NA,"3674","https://www.nj.gov/health/eoh/rtkweb/documents/fs/3674.pdf"
"9ab8bc51-39ee-40e2-8495-e126a30f4e7b","422-48-0","422480",NA,"3675","https://www.nj.gov/health/eoh/rtkweb/documents/fs/3675.pdf"
"9ab8bc59-56e6-479b-99d9-5b178bb99648","422-56-0","422560",NA,"3676","https://www.nj.gov/health/eoh/rtkweb/documents/fs/3676.pdf"
"9ab8cce8-2335-4ea2-a383-d2fa784d6225","423-82-5","423825",NA,NA,""
"9ab8cb85-edee-47aa-9f05-bda3a92a464d","42397-64-8","42397648",NA,"4103","https://www.nj.gov/health/eoh/rtkweb/documents/fs/4103.pdf"
"9ab8cb8e-82b2-49e9-a0e9-864d1e0e544d","42397-65-9","42397659",NA,"4019","https://www.nj.gov/health/eoh/rtkweb/documents/fs/4019.pdf"
"9ab8c37f-b5e6-4b0f-b92d-2b008ad16702","42874-03-03","42874033",286278,NA,""
"9ab8bc30-d7ea-4a2a-aaf5-e8543d558f5c","431-86-7","431867",NA,"3677","https://www.nj.gov/health/eoh/rtkweb/documents/fs/3677.pdf"
"9ab8c706-fbef-49d4-8b4a-454dcf4fb85f","43121-43-3","43121433",286872,"3179","https://www.nj.gov/health/eoh/rtkweb/documents/fs/3179.pdf"
"9ab8ce5f-9364-49ab-909d-55536d088565","45187-15-3","45187153",NA,NA,""
"9ab8c316-3932-49f4-900f-ccb6ecef102b","4549-40-0","4549400",NA,"2907","https://www.nj.gov/health/eoh/rtkweb/documents/fs/2907.pdf"
"9ab8b9ff-279f-4b90-b6dd-fa86a51bc63e","460-35-5","460355",46292,"3659","https://www.nj.gov/health/eoh/rtkweb/documents/fs/3659.pdf"
"9ab8b8e8-e795-4c79-b92f-0b8b8c4546eb","463-58-1","463581",46508,"0349","https://www.nj.gov/health/eoh/rtkweb/documents/fs/0349.pdf"
"9ab8c051-7331-4aa1-867f-44f9e2f831ef","465-73-6","465736",46615,"2499","https://www.nj.gov/health/eoh/rtkweb/documents/fs/2499.pdf"
"9ab8b82d-c3fc-49df-9e0d-3fd20a96abfc","4680-78-8","4680788",NA,"0442","https://www.nj.gov/health/eoh/rtkweb/documents/fs/0442.pdf"
"9ab8b89f-4281-46ae-91d6-3c8c8e776cf1","492-80-8","492808",47662,"2894","https://www.nj.gov/health/eoh/rtkweb/documents/fs/2894.pdf"
"9ab8d0d0-e7af-4660-b181-d586d2e8d142","4980-53-4","4980534",NA,NA,""
"9ab8bf6e-1236-4e0a-a367-d5ff56f90619","50-00-0","50000",1008,"0946","https://www.nj.gov/health/eoh/rtkweb/documents/fs/0946.pdf"
"9ab8cb0c-a0b3-4b3f-bac7-71bb3cf40c24","50-32-8","50328",NA,"0207","https://www.nj.gov/health/eoh/rtkweb/documents/fs/0207.pdf"
"9ab8c7f2-8e1a-4dd2-a035-9e42f3f4c8b4","50471-44-8","50471448",288738,"3494","https://www.nj.gov/health/eoh/rtkweb/documents/fs/3494.pdf"
"9ab8c219-f9b9-401c-adc6-f4228edf6f2d","505-60-2","505602",48850,"1319","https://www.nj.gov/health/eoh/rtkweb/documents/fs/1319.pdf"
"9ab8bc38-e634-424f-8e4b-3ebb08bfa1af","507-55-1","507551",NA,"3678","https://www.nj.gov/health/eoh/rtkweb/documents/fs/3678.pdf"
"9ab8cea8-54bc-48c2-bda5-38ca0a2a8fa0","507-63-1","507631",49239,NA,""
"9ab8c65b-f0cb-47fc-ba81-71f79e272027","509-14-8","509148",NA,"1836","https://www.nj.gov/health/eoh/rtkweb/documents/fs/1836.pdf"
"9ab8c47b-7a12-434a-bf78-875091eb502c","51-03-6","51036",1263,"3732","https://www.nj.gov/health/eoh/rtkweb/documents/fs/3732.pdf"
"9ab8bf4d-c8a9-4d41-bc5c-a555e46daed2","51-21-8","51218",1305,"1966","https://www.nj.gov/health/eoh/rtkweb/documents/fs/1966.pdf"
"9ab8bde7-eda1-43f2-bf53-46946564900c","51-28-5","51285",1313,"2950","https://www.nj.gov/health/eoh/rtkweb/documents/fs/2950.pdf"
"9ab8c2a4-29f4-46de-822d-6e753e62bf6e","51-75-2","51752",NA,"1377","https://www.nj.gov/health/eoh/rtkweb/documents/fs/1377.pdf"
"9ab8c7e2-302b-4a4e-8378-22c1fcca01b9","51-79-6","51796",1495,"1986","https://www.nj.gov/health/eoh/rtkweb/documents/fs/1986.pdf"
"9ab8b963-9e2b-482d-acda-3bdf7f4560ef","510-15-6","510156",49320,"0205","https://www.nj.gov/health/eoh/rtkweb/documents/fs/0205.pdf"
"9ab8c994-8f15-4857-843c-9d0a916ab32e","51207-31-9","51207319",NA,NA,""
"9ab8bfe7-957b-4168-8553-c84737bf7c8a","51235-04-02","51235042",291062,NA,""
"9ab8c912-ed99-499a-919b-7f265a251b2f","5124-30-1","5124301",NA,"1251","https://www.nj.gov/health/eoh/rtkweb/documents/fs/1251.pdf"
"9ab8bccb-b5c3-4101-82fd-8bd675ec69f5","51338-27-3","51338273",NA,"3686","https://www.nj.gov/health/eoh/rtkweb/documents/fs/3686.pdf"
"9ab8bf25-20d9-4161-97bc-d648a808160f","51630-58-1","51630581",NA,"3134","https://www.nj.gov/health/eoh/rtkweb/documents/fs/3134.pdf"
"9ab8cacd-29ef-4ef0-b5b5-d87d6b04cca8","51938-25-1","51938251",NA,NA,""
"9ab8c73f-bc90-435f-8904-a445fcb521ab","52-68-6","52686",1586,"1882","https://www.nj.gov/health/eoh/rtkweb/documents/fs/1882.pdf"
"9ab8beec-562c-4232-a94c-1640c95ae0e2","52-85-7","52857",NA,"2915","https://www.nj.gov/health/eoh/rtkweb/documents/fs/2915.pdf"
"9ab8cffd-d30a-4653-8b08-94b5e528e3a4","52166-82-2","52166822",NA,NA,""
"9ab8b8f1-0478-4786-9700-424335221e83","5234-68-4","5234684",130203,"3224","https://www.nj.gov/health/eoh/rtkweb/documents/fs/3224.pdf"
"9ab8c3e9-0a20-4a46-b8fc-f05f925f8a80","52645-53-1","52645531",296012,"3422","https://www.nj.gov/health/eoh/rtkweb/documents/fs/3422.pdf"
"9ab8bdc7-8d34-4d90-8c27-122dc5386254","528-29-0","528290",NA,"3018","https://www.nj.gov/health/eoh/rtkweb/documents/fs/3018.pdf"
"9ab8cb4d-6721-437d-b03c-1c614e953bf4","53-70-3","53703",NA,"0622","https://www.nj.gov/health/eoh/rtkweb/documents/fs/0622.pdf"
"9ab8b5b2-db70-4e1c-b4bb-a101c42545ff","53-96-3","53963",NA,"0010","https://www.nj.gov/health/eoh/rtkweb/documents/fs/0010.pdf"
"9ab8b942-ae96-4210-b30f-0ec24d35128d","532-27-4","532274",NA,"0048","https://www.nj.gov/health/eoh/rtkweb/documents/fs/0048.pdf"
"9ab8baba-9459-42b7-bff6-dd67fdc71874","533-74-4","533744",50955,"3664","https://www.nj.gov/health/eoh/rtkweb/documents/fs/3664.pdf"
"9ab8bddf-cc89-40fb-be82-5231ee336248","534-52-1","534521",51102,"0779","https://www.nj.gov/health/eoh/rtkweb/documents/fs/0779.pdf"
"9ab8b79b-feba-4197-8e93-20a789333750","53404-19-6","53404196",NA,"3651","https://www.nj.gov/health/eoh/rtkweb/documents/fs/3651.pdf"
"9ab8bb03-e220-4f7a-905b-f6dafa0cd7b1","53404-37-8","53404378",NA,"3668","https://www.nj.gov/health/eoh/rtkweb/documents/fs/3668.pdf"
"9ab8bac2-aa9c-4d8a-98da-76cd303c6511","53404-60-7","53404607",NA,"3665","https://www.nj.gov/health/eoh/rtkweb/documents/fs/3665.pdf"
"9ab8cb55-710d-475b-a74c-0e00afa8cb2a","5385-75-1","5385751",NA,"4009","https://www.nj.gov/health/eoh/rtkweb/documents/fs/4009.pdf"
"9ab8bbef-e126-49bc-92dd-7cf20a715a7e","540-59-0","540590",51904,"0653","https://www.nj.gov/health/eoh/rtkweb/documents/fs/0653.pdf"
"9ab8beab-9115-45ef-be0c-959fea381ad6","541-41-3","541413",52118,"0865","https://www.nj.gov/health/eoh/rtkweb/documents/fs/0865.pdf"
"9ab8be51-df4f-411e-ab65-9e4949982c5b","541-53-7","541537",NA,"2368","https://www.nj.gov/health/eoh/rtkweb/documents/fs/2368.pdf"
"9ab8bb96-5c7d-458a-8919-fe2d8b67087d","541-73-1","541731",52217,"2301","https://www.nj.gov/health/eoh/rtkweb/documents/fs/2301.pdf"
"9ab8bc8a-ad29-4c89-bb3d-676549a418dc","542-75-6","542756",52449,"0666","https://www.nj.gov/health/eoh/rtkweb/documents/fs/0666.pdf"
"9ab8b9be-16bf-4ea3-a421-077dc573a949","542-76-7","542767",NA,"2711","https://www.nj.gov/health/eoh/rtkweb/documents/fs/2711.pdf"
"9ab8b769-3dbc-42f4-8cec-b3a077cacfc0","542-88-1","542881",52498,"0234","https://www.nj.gov/health/eoh/rtkweb/documents/fs/0234.pdf"
"9ab8c2dc-e1cd-4f30-983f-da31004d4d23","55-18-5","55185",1875,"1404","https://www.nj.gov/health/eoh/rtkweb/documents/fs/1404.pdf"
"9ab8b6f7-6835-4c6d-8cd4-8cd246bc63d4","55-21-0","55210",NA,"2895","https://www.nj.gov/health/eoh/rtkweb/documents/fs/2895.pdf"
"9ab8bf1d-01f2-4c6a-8c51-a425daccb67c","55-38-9","55389",NA,"0916","https://www.nj.gov/health/eoh/rtkweb/documents/fs/0916.pdf"
"9ab8c2ac-4125-4f9e-b6f6-dcc124180e71","55-63-0","55630",1941,"1383","https://www.nj.gov/health/eoh/rtkweb/documents/fs/1383.pdf"
"9ab8cbb7-17a9-41c2-9dbd-f1a8453183be","5522-43-0","5522430",NA,"4144","https://www.nj.gov/health/eoh/rtkweb/documents/fs/4144.pdf"
"9ab8bd24-f510-4975-ab4f-b0585a7f502d","55290-64-7","55290647",NA,"3278","https://www.nj.gov/health/eoh/rtkweb/documents/fs/3278.pdf"
"9ab8c0a4-063f-40c5-a9e2-77cb6a471ccc","554-13-2","554132",53553,"1124","https://www.nj.gov/health/eoh/rtkweb/documents/fs/1124.pdf"
"9ab8c039-0081-4aa6-bf38-d7466798eede","55406-53-6","55406536",304113,"3708","https://www.nj.gov/health/eoh/rtkweb/documents/fs/3708.pdf"
"9ab8bf8e-b4ed-41d4-96b1-8842ea578c00","556-52-5","556525",53900,"0831","https://www.nj.gov/health/eoh/rtkweb/documents/fs/0831.pdf"
"9ab8c19f-fe91-4cc7-b7a6-99d20c39be76","556-61-6","556616",NA,"1272","https://www.nj.gov/health/eoh/rtkweb/documents/fs/1272.pdf"
"9ab8c9d5-ce11-4e2f-aaa7-2fe9c81183ef","55673-89-7","55673897",NA,NA,""
"9ab8cd19-6c6b-4733-a414-0b7537931ffe","55910-10-6","55910106",NA,NA,""
"9ab8ba07-3ed1-46d3-8d5a-b8b2920e3fc1","5598-13-0","5598130",NA,"3660","https://www.nj.gov/health/eoh/rtkweb/documents/fs/3660.pdf"
"9ab8b8e0-1fc7-4704-b31e-6a63201179ce","56-23-5","56235",2071,"0347","https://www.nj.gov/health/eoh/rtkweb/documents/fs/0347.pdf"
"9ab8b779-ce51-473f-a9a6-85a65c25b317","56-35-9","56359",NA,"3479","https://www.nj.gov/health/eoh/rtkweb/documents/fs/3479.pdf"
"9ab8c3a0-0612-4da9-a062-f20ae2234efc","56-38-2","56382",2147,"1459","https://www.nj.gov/health/eoh/rtkweb/documents/fs/1459.pdf"
"9ab8cb9e-b1ea-4b2c-b59c-558ec2f7d2db","56-49-5","56495",NA,"0427","https://www.nj.gov/health/eoh/rtkweb/documents/fs/0427.pdf"
"9ab8cafc-7ab7-43dc-bdc3-834fd552de44","56-55-3","56553",NA,"0193","https://www.nj.gov/health/eoh/rtkweb/documents/fs/0193.pdf"
"9ab8b99d-55bf-4016-a94c-d9a236642519","563-47-3","563473",54643,"1223","https://www.nj.gov/health/eoh/rtkweb/documents/fs/1223.pdf"
"9ab8cf63-3b8f-4321-b077-1a8065831535","56372-23-7","56372237",NA,NA,""
"9ab8ccb7-9959-43ab-a83f-5722249ea0d2","56773-42-3","56773423",NA,NA,""
"9ab8b83d-eb43-4fc8-9656-6660a5cb2a28","569-64-2","569642",54932,"0448","https://www.nj.gov/health/eoh/rtkweb/documents/fs/0448.pdf"
"9ab8bd9f-1773-411e-b2cb-751df7567366","57-14-7","57147",2469,"0761","https://www.nj.gov/health/eoh/rtkweb/documents/fs/0761.pdf"
"9ab8c3d0-c95a-4990-a5d5-379848bd8a38","57-33-0","57330",2493,"3726","https://www.nj.gov/health/eoh/rtkweb/documents/fs/3726.pdf"
"9ab8c442-8882-45d6-94fa-d0221ef672d6","57-41-0","57410",2535,"1507","https://www.nj.gov/health/eoh/rtkweb/documents/fs/1507.pdf"
"9ab8c4fd-a8d7-4c7e-b25b-20f6a7196b2a","57-57-8","57578",NA,"0228","https://www.nj.gov/health/eoh/rtkweb/documents/fs/0228.pdf"
"9ab8b911-f3b3-4bbc-b503-3ec820d4f6f9","57-74-9","57749",2683,"0361","https://www.nj.gov/health/eoh/rtkweb/documents/fs/0361.pdf"
"9ab8cb7d-c2a2-4c0a-b620-89c7abd354f1","57-97-6","57976",NA,"0194","https://www.nj.gov/health/eoh/rtkweb/documents/fs/0194.pdf"
"9ab8c9a5-224f-4cc1-8dc8-3bac73ed2e55","57117-31-4","57117314",NA,NA,""
"9ab8c99d-1144-43e3-8705-d7fab9994cae","57117-41-6","57117416",NA,NA,""
"9ab8c9b5-6423-40b3-af30-8ccf115609d7","57117-44-9","57117449",NA,NA,""
"9ab8c790-f441-4193-8785-dc75b97f7aaf","57213-69-1","57213691",309120,"3752","https://www.nj.gov/health/eoh/rtkweb/documents/fs/3752.pdf"
"9ab8c974-08cb-47dc-b901-1797cebff19e","57653-85-7","57653857",NA,NA,""
"9ab8cbbf-35e8-44a3-a350-fc98a70efd1f","57835-92-4","57835924",NA,"4017","https://www.nj.gov/health/eoh/rtkweb/documents/fs/4017.pdf"
"9ab8c093-dd24-47ea-bb56-9b14feeeeb2c","58-89-9","58899",2923,"1117","https://www.nj.gov/health/eoh/rtkweb/documents/fs/1117.pdf"
"9ab8c6d6-0d5a-42b0-912a-92bb39105ae3","584-84-9","584849",55939,"1869","https://www.nj.gov/health/eoh/rtkweb/documents/fs/1869.pdf"
"9ab8c31e-4da6-4fdc-9d74-8a97b65cb321","59-89-2","59892",3194,"1409","https://www.nj.gov/health/eoh/rtkweb/documents/fs/1409.pdf"
"9ab8c602-54f3-4445-95c0-45b64f8e3a43","5902-51-2","5902512",136010,"3466","https://www.nj.gov/health/eoh/rtkweb/documents/fs/3466.pdf"
"9ab8d080-1734-4e1f-98ec-1edec4ce07bf","59071-10-2","59071102",NA,NA,""
"9ab8c802-b96f-4832-882a-124ef7e705d6","593-60-2","593602",NA,"1999","https://www.nj.gov/health/eoh/rtkweb/documents/fs/1999.pdf"
"9ab8c3e0-f9b3-4fd6-8071-c233de4155dd","594-42-3","594423",NA,"1480","https://www.nj.gov/health/eoh/rtkweb/documents/fs/1480.pdf"
"9ab8c68d-0c83-4c6a-99e0-ca35dd19689e","59669-26-0","59669260",315127,"3747","https://www.nj.gov/health/eoh/rtkweb/documents/fs/3747.pdf"
"9ab8b644-c5d6-4da4-a088-8b5189b3153f","60-09-3","60093",3244,"0508","https://www.nj.gov/health/eoh/rtkweb/documents/fs/0508.pdf"
"9ab8bd5d-ee39-4737-b44c-3f3f2401de3a","60-11-7","60117",NA,"0739","https://www.nj.gov/health/eoh/rtkweb/documents/fs/0739.pdf"
"9ab8c17f-6c23-480b-a931-9bce7391c1c6","60-34-4","60344",3376,"1265","https://www.nj.gov/health/eoh/rtkweb/documents/fs/1265.pdf"
"9ab8b59a-a946-4c91-b1bd-2d41e0175760","60-35-5","60355",3384,"2890","https://www.nj.gov/health/eoh/rtkweb/documents/fs/2890.pdf"
"9ab8bd2c-f629-4c51-9a92-93b7f2ce7d3f","60-51-5","60515",3400,"0733","https://www.nj.gov/health/eoh/rtkweb/documents/fs/0733.pdf"
"9ab8d0e9-293c-4ccf-8822-c233e88a26c8","6014-75-1","6014751",NA,NA,""
"9ab8bef4-7511-4076-a4f0-81d08a853e04","60168-88-9","60168889",NA,"3703","https://www.nj.gov/health/eoh/rtkweb/documents/fs/3703.pdf"
"9ab8c4f5-8cd0-4e45-a4e5-004337039b14","60207-90-1","60207901",316398,"3442","https://www.nj.gov/health/eoh/rtkweb/documents/fs/3442.pdf"
"9ab8cd6a-6be7-4e4c-96f0-512320b2992b","60270-55-5","60270555",NA,NA,""
"9ab8bdf8-15d9-42a4-8d83-8e65e65a5325","606-20-2","606202",58875,"0784","https://www.nj.gov/health/eoh/rtkweb/documents/fs/0784.pdf"
"9ab8cd84-3adc-4057-90c0-29a6c7578512","60699-51-6","60699516",NA,NA,""
"9ab8c3b8-43f9-4299-b007-b71c115e8360","608-93-5","608935",59261,"3417","https://www.nj.gov/health/eoh/rtkweb/documents/fs/3417.pdf"
"9ab8c9c5-867e-4d8f-bb26-95e3faa60f03","60851-34-5","60851345",NA,NA,""
"9ab8b66d-3840-4afb-843c-b2943061fa9d","61-82-5","61825",3533,"0083","https://www.nj.gov/health/eoh/rtkweb/documents/fs/0083.pdf"
"9ab8bd76-1d20-4d59-8e03-6e5d84540851","612-82-8","612828",NA,"3695","https://www.nj.gov/health/eoh/rtkweb/documents/fs/3695.pdf"
"9ab8bbaf-2736-4ac2-982d-f5d31d730a8a","612-83-9","612839",60129,"3267","https://www.nj.gov/health/eoh/rtkweb/documents/fs/3267.pdf"
"9ab8bb14-1a05-4218-b627-b0f623450fd4","0615-05-04","615054",NA,NA,""
"9ab8c429-e3cf-485b-8706-9473b31ad759","615-28-1","615281",NA,"3728","https://www.nj.gov/health/eoh/rtkweb/documents/fs/3728.pdf"
"9ab8ce06-2c1e-4a08-a8e9-ab055dbf05c7","61660-12-6","61660126",NA,NA,""
"9ab8d111-e558-4eeb-ad3f-97f4f3baa72e","61798-68-3","61798683",NA,NA,""
"9ab8b685-ab43-4baa-81ba-ff8f1db7c755","62-53-3","62533",3632,"0135","https://www.nj.gov/health/eoh/rtkweb/documents/fs/0135.pdf"
"9ab8c674-3a84-49ff-b8e1-bf6dd49c693c","62-55-5","62555",3657,"1844","https://www.nj.gov/health/eoh/rtkweb/documents/fs/1844.pdf"
"9ab8c6ad-630c-4c00-823b-280bbb92a980","62-56-6","62566",3665,"1853","https://www.nj.gov/health/eoh/rtkweb/documents/fs/1853.pdf"
"9ab8bcc3-9e5a-43bf-9ea7-151d2d33e215","62-73-7","62737",3681,"0674","https://www.nj.gov/health/eoh/rtkweb/documents/fs/0674.pdf"
"9ab8c5a8-f0c1-45af-88e2-fdda68d73a17","62-74-8","62748",3699,"1700","https://www.nj.gov/health/eoh/rtkweb/documents/fs/1700.pdf"
"9ab8c2e5-03a9-4a7b-a0ee-ccffe66dc8c8","62-75-9","62759",3707,"1405","https://www.nj.gov/health/eoh/rtkweb/documents/fs/1405.pdf"
"9ab8cd94-633d-48ad-bedb-7b839ac57e7b","62037-80-3","62037803",1732558,NA,""
"9ab8c2fd-cd03-474c-9cc1-16fd908fbc92","621-64-7","621647",62257,"1407","https://www.nj.gov/health/eoh/rtkweb/documents/fs/1407.pdf"
"9ab8c432-43c9-4579-8e51-73f27e5e953c","624-18-0","624180",NA,"3729","https://www.nj.gov/health/eoh/rtkweb/documents/fs/3729.pdf"
"9ab8c197-e1e5-4b72-bdec-3c3376200e3e","624-83-9","624839",NA,"1270","https://www.nj.gov/health/eoh/rtkweb/documents/fs/1270.pdf"
"9ab8b5ba-ee23-4562-826b-1985707e958c","62476-59-9","62476599",325225,"3455","https://www.nj.gov/health/eoh/rtkweb/documents/fs/3455.pdf"
"9ab8b8c7-a5f8-48b9-9535-429edd2bff60","63-25-2","63252",3723,"0340","https://www.nj.gov/health/eoh/rtkweb/documents/fs/0340.pdf"
"9ab8c612-7b06-4586-92a8-3af98cd1b17e","630-20-6","630206",65102,"2992","https://www.nj.gov/health/eoh/rtkweb/documents/fs/2992.pdf"
"9ab8c6f6-c9e5-4339-8ad9-668c288fc038","636-21-5","636215",65623,"1443","https://www.nj.gov/health/eoh/rtkweb/documents/fs/1443.pdf"
"9ab8c7c1-bcf5-4b9b-9612-17a3a9dc00cb","639-58-7","639587",NA,"1952","https://www.nj.gov/health/eoh/rtkweb/documents/fs/1952.pdf"
"9ab8b9c6-38b9-4f97-a95b-6ef98f3b766d","63938-10-3","63938103",NA,"0414","https://www.nj.gov/health/eoh/rtkweb/documents/fs/0414.pdf"
"9ab8bf76-3f29-4521-805a-a91e25481f9b","64-18-6","64186",3830,"0948","https://www.nj.gov/health/eoh/rtkweb/documents/fs/0948.pdf"
"9ab8bd04-97b4-4476-a069-4863a485e104","64-67-5","64675",3889,"0710","https://www.nj.gov/health/eoh/rtkweb/documents/fs/0710.pdf"
"9ab8c643-5d5c-4c5b-ac52-21e00ab9b1ca","64-75-5","64755",3905,"3744","https://www.nj.gov/health/eoh/rtkweb/documents/fs/3744.pdf"
"9ab8b835-dc55-40ea-a4b3-3a1acbdeae17","6459-94-5","6459945",NA,"0445","https://www.nj.gov/health/eoh/rtkweb/documents/fs/0445.pdf"
"9ab8ba0f-468e-4b07-9f9c-f7c45fed75d7","64902-72-3","64902723",342899,"3574","https://www.nj.gov/health/eoh/rtkweb/documents/fs/3574.pdf"
"9ab8bbb7-3725-4804-8f6e-e9eac618ea06","64969-34-2","64969342",NA,"3672","https://www.nj.gov/health/eoh/rtkweb/documents/fs/3672.pdf"
"9ab8d0c0-bbd0-4b95-a6c8-fcd8a678bed9","65104-45-2","65104452",344929,NA,""
"9ab8cca6-da58-416e-a4cb-2a103a0fdd93","65104-65-6","65104656",NA,NA,""
"9ab8cde5-c624-4f20-9d1e-8db233b7040c","65104-67-8","65104678",NA,NA,""
"9ab8cd7c-1df1-4102-9f27-20802567a8df","65510-55-6","65510556",NA,NA,""
"9ab8cf09-df35-453b-96a1-3689b124cc87","65530-59-8","65530598",NA,NA,""
"9ab8cf2a-4e7a-48b7-bf9e-294f76aba9f8","65530-61-2","65530612",348524,NA,""
"9ab8cf53-1e18-481c-aeca-210d0c4c1b6f","65530-62-3","65530623",348532,NA,""
"9ab8cccf-ded4-45d9-af4a-54c2de6257cd","65530-63-4","65530634",348540,NA,""
"9ab8ccd8-009f-4fa0-8f4d-af6e1240e7cb","65530-64-5","65530645",348557,NA,""
"9ab8cf22-3759-480f-9507-165f6c0ff960","65530-65-6","65530656",NA,NA,""
"9ab8cf11-ef6a-4ce0-85bf-0f728e86c852","65530-66-7","65530667",NA,NA,""
"9ab8cef1-214d-44d8-9a91-838c48572962","65530-69-0","65530690",NA,NA,""
"9ab8cf5b-2cd8-4b55-bf16-f23324f27070","65530-70-3","65530703",348615,NA,""
"9ab8cf42-e285-4609-8184-1cc624eac270","65530-71-4","65530714",NA,NA,""
"9ab8cf3a-c6e2-4f18-b6f9-fd8e30febff4","65530-72-5","65530725",348631,NA,""
"9ab8ccc7-c779-4adf-8780-b39920cd0445","65530-74-7","65530747",NA,NA,""
"9ab8cee9-0fd6-479c-b801-0c21bd23db69","65530-83-8","65530838",NA,NA,""
"9ab8cf94-b29a-490f-9182-43cbf6676eb7","65545-80-4","65545804",348789,NA,""
"9ab8cef9-34a8-4956-a6b8-da3940080974","65605-56-3","65605563",NA,NA,""
"9ab8cf01-4c7c-49ad-99c9-6bc2241d15dd","65605-57-4","65605574",NA,NA,""
"9ab8d078-0448-4918-8757-f4445bb9601c","65605-58-5","65605585",349068,NA,""
"9ab8d0a0-7c97-49a2-87ec-3d87a9a93772","65605-59-6","65605596",NA,NA,""
"9ab8cf1a-1c89-4e96-8fe0-5951ac5f2be0","65605-73-4","65605734",349183,NA,""
"9ab8ccaf-003a-4140-979c-de50bb89b1c8","65636-35-3","65636353",NA,NA,""
"9ab8bf04-d3c2-417d-9597-0d8c09f68506","66441-23-4","66441234",NA,"3705","https://www.nj.gov/health/eoh/rtkweb/documents/fs/3705.pdf"
"9ab8c105-82ca-4dc1-a75d-8ad521145c79","67-56-1","67561",4283,"1222","https://www.nj.gov/health/eoh/rtkweb/documents/fs/1222.pdf"
"9ab8c069-bf6a-4cb3-9b93-2e84932ee7b6","67-63-0","67630",4291,"1076","https://www.nj.gov/health/eoh/rtkweb/documents/fs/1076.pdf"
"9ab8b984-0b68-4b19-a5db-157a62e7959b","67-66-3","67663",4317,"0388","https://www.nj.gov/health/eoh/rtkweb/documents/fs/0388.pdf"
"9ab8bfbf-321f-403a-87c2-77eff3ee328f","67-72-1","67721",4341,"0981","https://www.nj.gov/health/eoh/rtkweb/documents/fs/0981.pdf"
"9ab8bff0-17e5-4ed5-8092-4a71bd467f49","67485-29-4","67485294",358291,"3149","https://www.nj.gov/health/eoh/rtkweb/documents/fs/3149.pdf"
"9ab8c9cd-a0a5-4755-9e6d-1d939dc1c010","67562-39-4","67562394",NA,NA,""
"9ab8cc3e-18fd-4aab-b67b-33bf76206fab","67584-42-3","67584423",NA,NA,""
"9ab8cd31-b39e-4fc0-a0ed-ee076be206bc","67584-52-5","67584525",NA,NA,""
"9ab8cd29-976d-47ce-adfd-1513dc9c8e47","67584-53-6","67584536",NA,NA,""
"9ab8d109-d43e-43fd-9a04-27d30258ed19","67584-56-9","67584569",NA,NA,""
"9ab8d101-c737-461f-a459-a969fd632371","67584-57-0","67584570",NA,NA,""
"9ab8d005-e418-47c1-b597-dce6665382f8","67584-58-1","67584581",358572,NA,""
"9ab8cd21-82e3-4a75-997e-32add9f37a3c","67584-62-7","67584627",NA,NA,""
"9ab8cc76-c190-4b1f-a5a7-603d4b8217fe","678-39-7","678397",67280,NA,""
"9ab8ceb8-7670-4ac7-ab24-2e6c1ce0de84","67905-19-5","67905195",NA,NA,""
"9ab8cc66-94a9-47c7-8365-325944e4c505","67906-42-7","67906427",NA,NA,""
"9ab8ce16-510b-4014-a283-afc8e7d1e38d","67969-69-1","67969691",NA,NA,""
"9ab8bd96-9239-41c5-b526-dff982463475","68-12-2","68122",4416,"0759","https://www.nj.gov/health/eoh/rtkweb/documents/fs/0759.pdf"
"9ab8c717-3d9a-4e36-9abc-08f25873fff2","68-76-8","68768",NA,"1461","https://www.nj.gov/health/eoh/rtkweb/documents/fs/1461.pdf"
"9ab8bfd7-6a1d-490e-86e2-39250dfef0e9","680-31-9","680319",NA,"0973","https://www.nj.gov/health/eoh/rtkweb/documents/fs/0973.pdf"
"9ab8d0e1-1aaa-46fb-9969-531f8a45534d","68084-62-8","68084628",NA,NA,""
"9ab8baaa-648f-45a6-9163-28406df6bb32","68085-85-8","68085858",392688,"3248","https://www.nj.gov/health/eoh/rtkweb/documents/fs/3248.pdf"
"9ab8d19b-d85e-4679-b507-369b0e49e10f","68140-18-1","68140181",NA,NA,""
"9ab8d1ac-0e10-4dfc-aefb-2df2303be11e","68140-20-5","68140205",NA,NA,""
"9ab8d1bc-c60e-4f76-b804-ed291cc9dbe5","68140-21-6","68140216",NA,NA,""
"9ab8cc35-bc4a-4e95-8757-586a4fdd3b2e","68141-02-06","68141026",401232,NA,""
"9ab8cc4e-5c4a-40ef-a707-fb552b8c177d","68156-01-04","68156014",NA,NA,""
"9ab8cc46-3035-49a6-aaef-e23720f1bd25","68156-07-0","68156070",NA,NA,""
"9ab8cc25-726e-4722-a005-9bfc8b29f277","68187-25-7","68187257",NA,NA,""
"9ab8d05f-d305-4cdb-8c4e-79efcd1c40a8","68187-47-3","68187473",406546,NA,""
"9ab8cc0d-2c25-4d25-8e63-0c1e7f77d2ae","68188-12-5","68188125",NA,NA,""
"9ab8d067-e11e-4e39-a2b2-a82748c65b82","68227-96-3","68227963",411777,NA,""
"9ab8d0a8-8a28-4a70-a103-b4f97c06ae7d","68239-43-0","68239430",NA,NA,""
"9ab8cd5a-2c53-4180-a6c7-eb49b6a05a4f","68259-07-04","68259074",NA,NA,""
"9ab8cdac-b2ae-4813-b380-f697975045fc","68259-08-05","68259085",NA,NA,""
"9ab8ce47-549d-4f72-a835-cbae5ef00214","68259-09-06","68259096",NA,NA,""
"9ab8cfb5-5d20-41c4-8c5b-8c3fe3fe8233","68259-38-1","68259381",NA,NA,""
"9ab8cfad-18df-4516-870d-4c5a30adff7a","68259-39-2","68259392",NA,NA,""
"9ab8d06f-f041-46e7-8e81-d679f032071e","68298-62-4","68298624",NA,NA,""
"9ab8cf84-6580-40ec-84b0-7a76c6096f75","68298-80-6","68298806",NA,NA,""
"9ab8cf8c-6c24-4e65-b063-66263076809c","68298-81-7","68298817",NA,NA,""
"9ab8cfbd-7c8d-4285-b564-f3036583653b","68310-17-8","68310178",NA,NA,""
"9ab8baa2-4a40-4f9a-a5f2-baa4d770c349","68359-37-5","68359375",420992,"3180","https://www.nj.gov/health/eoh/rtkweb/documents/fs/3180.pdf"
"9ab8cbfc-f63a-4c72-9fb2-7cea383b16b6","68391-08-02","68391082",422907,NA,""
"9ab8c30e-22aa-47ad-9377-bbe700f125f0","684-93-5","684935",67462,"1411","https://www.nj.gov/health/eoh/rtkweb/documents/fs/1411.pdf"
"9ab8cad5-5c7f-4a05-8466-07632e60097e","68412-54-4","68412544",NA,NA,""
"9ab8ced0-bcd8-4298-801d-2aa1b5322908","68412-68-0","68412680",427518,NA,""
"9ab8cec8-ae8a-4966-a632-1eec83634e7d","68412-69-1","68412691",427526,NA,""
"9ab8cc1d-67e9-4804-8e63-e1a4d2f5d73e","68515-62-8","68515628",NA,NA,""
"9ab8ce36-ec83-42fe-bd11-173d7ef90262","68555-74-8","68555748",NA,NA,""
"9ab8cda4-999f-4ceb-b7d0-37b46f299111","68555-75-9","68555759",NA,NA,""
"9ab8cd49-ee99-4325-8faa-627042dbed83","68555-76-0","68555760",NA,NA,""
"9ab8d00e-282d-49b0-afcb-2e569947f2e1","68555-81-7","68555817",NA,NA,""
"9ab8d0b0-9ec0-41d0-8d51-65c3129dd74b","68555-91-9","68555919",NA,NA,""
"9ab8d163-3333-40e5-993a-eaa0f119fd7f","68758-57-6","68758576",NA,NA,""
"9ab8d088-2638-4e53-9b57-866e6d758fa8","68867-60-7","68867607",NA,NA,""
"9ab8d01e-6a5a-4fce-a411-a6671c9162a6","68957-55-1","68957551",NA,NA,""
"9ab8d026-8c51-455e-8a5a-5502feaa31dd","68957-57-3","68957573",503094,NA,""
"9ab8d016-37a4-464a-b5aa-e5cd1fa6e2dd","68957-58-4","68957584",503102,NA,""
"9ab8cd52-0807-4344-8ed8-ed7890bbcada","68957-62-0","68957620",NA,NA,""
"9ab8cf74-070c-42a8-b82b-d25cb9c219f9","68958-60-1","68958601",504076,NA,""
"9ab8cf7c-2357-46c0-9739-c3d50af7a22a","68958-61-2","68958612",NA,NA,""
"9ab8bf55-d791-4dc1-aa57-194875bcb897","69409-94-5","69409945",NA,"3310","https://www.nj.gov/health/eoh/rtkweb/documents/fs/3310.pdf"
"9ab8bf35-8a50-4793-ac17-48bc9af8340a","69806-50-4","69806504",NA,"3707","https://www.nj.gov/health/eoh/rtkweb/documents/fs/3707.pdf"
"9ab8bfcf-651f-4f52-98d2-ff57e3ae7efd","70-30-4","70304",4622,"0983","https://www.nj.gov/health/eoh/rtkweb/documents/fs/0983.pdf"
"9ab8ce26-9f10-41d3-bba8-7377ecb1e6a2","70225-14-8","70225148",NA,NA,""
"9ab8cd62-436c-4ad7-9ff4-cf41e9c7ae84","70225-15-9","70225159",NA,NA,""
"9ab8cdbc-d934-4be1-a191-7eb88a941674","70225-16-0","70225160",NA,NA,""
"9ab8ce4f-7065-47ef-88b9-c487e26c2430","70225-17-1","70225171",NA,NA,""
"9ab8c9ad-46e0-49f7-8d70-985a29391b0c","70648-26-9","70648269",NA,NA,""
"9ab8c4d4-ec2a-464d-8f24-842ced124f9e","709-98-8","709988",68619,"3439","https://www.nj.gov/health/eoh/rtkweb/documents/fs/3439.pdf"
"9ab8d1b4-2ef3-4fe3-aa88-579322e2a8ef","70969-47-0","70969470",535104,NA,""
"9ab8cf9c-de88-440a-b0b3-ef313f99e50e","70983-59-4","70983594",NA,NA,""
"9ab8cff5-b14f-4edc-b303-838197b44707","70983-60-7","70983607",535575,NA,""
"9ab8b805-7362-4472-bbee-23082ab1d1a6","71-36-3","71363",4739,"1330","https://www.nj.gov/health/eoh/rtkweb/documents/fs/1330.pdf"
"9ab8b6ff-780b-4639-9d31-e77ddf472d92","71-43-2","71432",4754,"0197","https://www.nj.gov/health/eoh/rtkweb/documents/fs/0197.pdf"
"9ab8c758-3bd6-4e64-8f21-d0094d8dfb38","71-55-6","71556",4796,"1237","https://www.nj.gov/health/eoh/rtkweb/documents/fs/1237.pdf"
"9ab8ce57-8199-4ed9-a864-a814b0707b6d","71608-60-1","71608601",NA,NA,""
"9ab8b581-f2e4-42df-a888-b5171a3e540b","71751-41-2","71751412",549147,"3175","https://www.nj.gov/health/eoh/rtkweb/documents/fs/3175.pdf"
"9ab8c12d-e59b-4d40-b1ec-1a63e36bf92c","72-43-5","72435",4903,"1210","https://www.nj.gov/health/eoh/rtkweb/documents/fs/1210.pdf"
"9ab8c7da-0d1e-402c-bb63-32f1c53628bd","72-57-1","72571",4960,"0465","https://www.nj.gov/health/eoh/rtkweb/documents/fs/0465.pdf"
"9ab8bf65-fc41-44f9-a6be-82dfd8fb33a5","72178-02-0","72178020",556662,"3312","https://www.nj.gov/health/eoh/rtkweb/documents/fs/3312.pdf"
"9ab8bf0c-e5a6-4b1b-a8b0-5a9b17ac4156","72490-01-08","72490018",NA,NA,""
"9ab8ccf8-8847-4224-aaff-b99ac703b8fb","72623-77-9","72623779",NA,NA,""
"9ab8c4b4-5178-4f4d-b6c0-ee43fabfdf94","7287-19-6","7287196",148098,"3437","https://www.nj.gov/health/eoh/rtkweb/documents/fs/3437.pdf"
"9ab8c9bd-7c11-4676-9893-bcfa3345793a","72918-21-9","72918219",NA,NA,""
"9ab8cd00-9b13-4cce-abef-f362e434000b","72968-38-8","72968388",NA,NA,""
"9ab8ca7b-95c0-4ed1-97c0-269ddcabd7b5","7311-27-5","7311275",NA,NA,""
"9ab8b7c4-56bc-422a-8912-c4ad7bc7885a","74-83-9","74839",5074,"1231","https://www.nj.gov/health/eoh/rtkweb/documents/fs/1231.pdf"
"9ab8bebb-c07d-4bd3-a562-01411ff4bd34","74-85-1","74851",5090,"0873","https://www.nj.gov/health/eoh/rtkweb/documents/fs/0873.pdf"
"9ab8b98c-17d2-4565-adc2-c581424e1db1","74-87-3","74873",5116,"1235","https://www.nj.gov/health/eoh/rtkweb/documents/fs/1235.pdf"
"9ab8c187-96e5-4b31-bb42-d7fd92dbfc4d","74-88-4","74884",5124,"1266","https://www.nj.gov/health/eoh/rtkweb/documents/fs/1266.pdf"
"9ab8c010-79b8-43bc-9f0b-79f9ad84c6c5","74-90-8","74908",5140,"1013","https://www.nj.gov/health/eoh/rtkweb/documents/fs/1013.pdf"
"9ab8c166-b967-4c90-9b7b-5427484c3972","74-95-3","74953",5173,"1254","https://www.nj.gov/health/eoh/rtkweb/documents/fs/1254.pdf"
"9ab8c577-85b2-497b-96b3-14b40e9046ae","74051-80-2","74051802",NA,"3453","https://www.nj.gov/health/eoh/rtkweb/documents/fs/3453.pdf"
"9ab8b61c-7e14-4d23-83f2-e6bbd11a223b","7429-90-5","7429905",149476,"0054","https://www.nj.gov/health/eoh/rtkweb/documents/fs/0054.pdf"
"9ab8c08a-4e49-403e-8382-e48b80ef89c0","7439-92-1","7439921",149583,"1096","https://www.nj.gov/health/eoh/rtkweb/documents/fs/1096.pdf"
"9ab8c0cc-c2f2-4dfa-9161-4b8fb9729b60","7439-96-5","7439965",149625,"1155","https://www.nj.gov/health/eoh/rtkweb/documents/fs/1155.pdf"
"9ab8c0e5-1dd3-4b1b-8313-10c3f11086d7","7439-97-6","7439976",149633,"1183","https://www.nj.gov/health/eoh/rtkweb/documents/fs/1183.pdf"
"9ab8c252-f1c8-4169-a42f-564bc1f65a46","7440-02-0","7440020",149674,"1341","https://www.nj.gov/health/eoh/rtkweb/documents/fs/1341.pdf"
"9ab8c57f-9adc-45a8-a934-b3b28b93ca34","7440-22-4","7440224",149849,"1669","https://www.nj.gov/health/eoh/rtkweb/documents/fs/1669.pdf"
"9ab8c664-111d-43d6-be6a-d999c63f946e","7440-28-0","7440280",149898,"1840","https://www.nj.gov/health/eoh/rtkweb/documents/fs/1840.pdf"
"9ab8b6ae-711e-4799-ac63-f17ca80e069f","7440-36-0","7440360",149963,"0141","https://www.nj.gov/health/eoh/rtkweb/documents/fs/0141.pdf"
"9ab8b6b6-8901-48d2-b2ca-0b6eeb03a35e","7440-38-2","7440382",149989,"0152","https://www.nj.gov/health/eoh/rtkweb/documents/fs/0152.pdf"
"9ab8b6ce-c8bb-4d44-847c-4d39c388a716","7440-39-3","7440393",149997,"0180","https://www.nj.gov/health/eoh/rtkweb/documents/fs/0180.pdf"
"9ab8b738-6c67-488e-909f-536201aabeba","7440-41-7","7440417",150003,"0222","https://www.nj.gov/health/eoh/rtkweb/documents/fs/0222.pdf"
"9ab8b8af-5cbb-4b41-bf4b-0a02f1bfba4a","7440-43-9","7440439",150029,"0305","https://www.nj.gov/health/eoh/rtkweb/documents/fs/0305.pdf"
"9ab8ba17-6971-4a75-b86c-8d0abfa3cc7c","7440-47-3","7440473",150060,"0432","https://www.nj.gov/health/eoh/rtkweb/documents/fs/0432.pdf"
"9ab8ba20-03d6-485d-aac9-e080b50ef117","7440-48-4","7440484",150078,"0520","https://www.nj.gov/health/eoh/rtkweb/documents/fs/0520.pdf"
"9ab8ba28-2648-4597-8637-f75057ed7eea","7440-50-8","7440508",150086,"0528","https://www.nj.gov/health/eoh/rtkweb/documents/fs/0528.pdf"
"9ab8c7ea-4399-4054-ad47-c59d495a8d2f","7440-62-2","7440622",150193,"3762","https://www.nj.gov/health/eoh/rtkweb/documents/fs/3762.pdf"
"9ab8c84c-83c3-46a9-b612-f961c9f2aacd","7440-66-6","7440666",150235,"2021","https://www.nj.gov/health/eoh/rtkweb/documents/fs/2021.pdf"
"9ab8ced8-c9e3-400c-b9c0-3714d52d9aad","74499-44-8","74499448",NA,NA,""
"9ab8cbae-d741-4f6f-8a39-1648f283ebff","7496-02-08","7496028",NA,NA,""
"9ab8b97b-e7f5-4b84-9541-6dcbecbbcdd8","75-00-3","75003",5223,"0863","https://www.nj.gov/health/eoh/rtkweb/documents/fs/0863.pdf"
"9ab8c80a-d96b-4986-ad09-f1f6f779a23b","75-01-4","75014",5231,"2001","https://www.nj.gov/health/eoh/rtkweb/documents/fs/2001.pdf"
"9ab8c813-6c30-449c-aac5-0873a5cd933c","75-02-5","75025",5249,"2005","https://www.nj.gov/health/eoh/rtkweb/documents/fs/2005.pdf"
"9ab8b5a2-bb6f-49f3-956d-514ed15b20bd","75-05-8","75058",5272,"0008","https://www.nj.gov/health/eoh/rtkweb/documents/fs/0008.pdf"
"9ab8b592-930b-4cb3-be6d-f50bb9921311","Yes","75070",5280,NA,""
"9ab8bc08-1c48-4fbb-8d83-cb8cf96d29e2","75-09-2","75092",5306,"1255","https://www.nj.gov/health/eoh/rtkweb/documents/fs/1255.pdf"
"9ab8b8d7-e966-4420-b3e2-5ede6aed4d55","75-15-0","75150",5348,"0344","https://www.nj.gov/health/eoh/rtkweb/documents/fs/0344.pdf"
"9ab8bed4-09c7-49cd-889d-36f1d35f55cb","75-21-8","75218",5405,"0882","https://www.nj.gov/health/eoh/rtkweb/documents/fs/0882.pdf"
"9ab8b7bc-4c1c-41a8-b12b-ce4505d61d52","75-25-2","75252",5447,"0262","https://www.nj.gov/health/eoh/rtkweb/documents/fs/0262.pdf"
"9ab8bbbf-4f51-4288-86a6-a0f4964bcac2","75-27-4","75274",5462,"2341","https://www.nj.gov/health/eoh/rtkweb/documents/fs/2341.pdf"
"9ab8bee4-376c-4c3d-8a57-cdc235f26bc4","75-34-3","75343",5520,"0651","https://www.nj.gov/health/eoh/rtkweb/documents/fs/0651.pdf"
"9ab8c81b-83b1-4e09-9ec0-d21ef17b3d09","75-35-4","75354",5538,"2006","https://www.nj.gov/health/eoh/rtkweb/documents/fs/2006.pdf"
"9ab8bc00-085a-4f98-b57e-38e25df03cba","75-43-4","75434",5579,"3109","https://www.nj.gov/health/eoh/rtkweb/documents/fs/3109.pdf"
"9ab8c44a-a023-4d2d-9a3b-d5e3570d6720","75-44-5","75445",5587,"1510","https://www.nj.gov/health/eoh/rtkweb/documents/fs/1510.pdf"
"9ab8b973-d19c-4b55-a25f-00af953428fd","75-45-6","75456",5595,"0386","https://www.nj.gov/health/eoh/rtkweb/documents/fs/0386.pdf"
"9ab8c2b4-5b07-45ee-adcd-6a4fa1099fa8","75-52-5","75525",5637,"1386","https://www.nj.gov/health/eoh/rtkweb/documents/fs/1386.pdf"
"9ab8c51d-e78e-4866-939b-14bf1f595793","75-55-8","75558",5652,"1614","https://www.nj.gov/health/eoh/rtkweb/documents/fs/1614.pdf"
"9ab8c526-08cf-464d-95d6-390b2cbf2a93","75-56-9","75569",5660,"1615","https://www.nj.gov/health/eoh/rtkweb/documents/fs/1615.pdf"
"9ab8b7d4-c279-4132-baae-35b734b47888","75-63-8","75638",5736,"1912","https://www.nj.gov/health/eoh/rtkweb/documents/fs/1912.pdf"
"9ab8b815-9b0d-44d0-b9a1-f7c3e140f5e1","75-65-0","75650",5751,"1787","https://www.nj.gov/health/eoh/rtkweb/documents/fs/1787.pdf"
"9ab8b96b-b659-44fb-a059-4a2f596fa5c2","75-68-3","75683",5777,"0385","https://www.nj.gov/health/eoh/rtkweb/documents/fs/0385.pdf"
"9ab8c770-7a5e-4144-bd8d-b3defe0b4c09","75-69-4","75694",5785,"1891","https://www.nj.gov/health/eoh/rtkweb/documents/fs/1891.pdf"
"9ab8bbdf-a559-4f8b-967a-66c6ef38afd9","75-71-8","75718",5801,"0649","https://www.nj.gov/health/eoh/rtkweb/documents/fs/0649.pdf"
"9ab8b9f7-0e87-4ecf-ba48-34e522a23b5e","75-72-9","75729",5819,"0425","https://www.nj.gov/health/eoh/rtkweb/documents/fs/0425.pdf"
"9ab8c1a8-14c2-4b6a-a53f-fea13aac17bc","75-86-5","75865",5942,"0007","https://www.nj.gov/health/eoh/rtkweb/documents/fs/0007.pdf"
"9ab8b9ee-d876-4438-9634-e63f98ae415e","75-88-7","75887",5967,"3658","https://www.nj.gov/health/eoh/rtkweb/documents/fs/3658.pdf"
"9ab8c6c5-9c0d-46d6-a8c2-55cee6c35686","7550-45-0","7550450",151449,"1864","https://www.nj.gov/health/eoh/rtkweb/documents/fs/1864.pdf"
"9ab8c90a-d0e1-491a-a1ab-65f7dafae73d","75790-84-0","75790840",NA,NA,""
"9ab8c8da-256d-4eb5-a341-e7eeaebf2d45","75790-87-3","75790873",NA,NA,""
"9ab8c305-ebf0-4302-8bcb-fd082d7b9587","759-73-9","759739",69245,"1410","https://www.nj.gov/health/eoh/rtkweb/documents/fs/1410.pdf"
"9ab8beb3-b16b-4325-9ce6-7139d7ed9ae5","759-94-4","759944",69252,"3300","https://www.nj.gov/health/eoh/rtkweb/documents/fs/3300.pdf"
"9ab8c3c0-5d32-44e3-a0ae-8047e231928b","76-01-7","76017",6056,"1471","https://www.nj.gov/health/eoh/rtkweb/documents/fs/1471.pdf"
"9ab8c747-ea85-4300-bb96-881ab8f5e549","76-02-8","76028",6064,"1884","https://www.nj.gov/health/eoh/rtkweb/documents/fs/1884.pdf"
"9ab8b9ad-7ce9-4b72-9dd5-f2d655fc1dce","76-06-2","76062",6106,"0405","https://www.nj.gov/health/eoh/rtkweb/documents/fs/0405.pdf"
"9ab8bf7e-528f-4087-a32a-ae834afc54a6","76-13-1","76131",6148,"1904","https://www.nj.gov/health/eoh/rtkweb/documents/fs/1904.pdf"
"9ab8bc92-c814-4493-a38b-b7f8ed360388","76-14-2","76142",6155,"0671","https://www.nj.gov/health/eoh/rtkweb/documents/fs/0671.pdf"
"9ab8c209-a6db-4c32-8ecf-21bde458dbd3","76-15-3","76153",6163,"0398","https://www.nj.gov/health/eoh/rtkweb/documents/fs/0398.pdf"
"9ab8bf96-c770-44b9-90e6-be0c873f4391","76-44-8","76448",6262,"0974","https://www.nj.gov/health/eoh/rtkweb/documents/fs/0974.pdf"
"9ab8c7c9-dbcf-4d7d-b993-59a3e0b5be15","76-87-9","76879",6403,"1953","https://www.nj.gov/health/eoh/rtkweb/documents/fs/1953.pdf"
"9ab8c5b1-02ea-4583-b0e8-cefad7c703c5","7632-00-0","7632000",152058,"2258","https://www.nj.gov/health/eoh/rtkweb/documents/fs/2258.pdf"
"9ab8b78b-b392-4937-99d2-d8ed1287e9f1","7637-07-02","7637072",152132,NA,""
"9ab8bbc7-66e3-4745-8bc8-368e957be4bc","764-41-0","764410",69567,"3070","https://www.nj.gov/health/eoh/rtkweb/documents/fs/3070.pdf"
"9ab8c008-58f9-4167-94e9-894e5bcce06d","7647-01-0","7647010",152231,"1012","https://www.nj.gov/health/eoh/rtkweb/documents/fs/1012.pdf"
"9ab8c54e-7d47-4609-9e7f-b61911c908df","76578-14-8","76578148",NA,"3173","https://www.nj.gov/health/eoh/rtkweb/documents/fs/3173.pdf"
"9ab8c018-89fc-46b7-af8c-5761e0735006","7664-39-3","7664393",152371,"3759","https://www.nj.gov/health/eoh/rtkweb/documents/fs/3759.pdf"
"9ab8b675-4885-47df-a6cb-8e1982151f0b","7664-41-7","7664417",152389,"0084","https://www.nj.gov/health/eoh/rtkweb/documents/fs/0084.pdf"
"9ab8c5d9-f0b3-40bc-a6d4-8dd4057b36ec","7664-93-9","7664939",152405,"1761","https://www.nj.gov/health/eoh/rtkweb/documents/fs/1761.pdf"
"9ab8c653-ca03-4c24-b3e6-d449c2cf8d9e","7696-12-0","7696120",152678,"3745","https://www.nj.gov/health/eoh/rtkweb/documents/fs/3745.pdf"
"9ab8c263-2e1a-4897-8081-54c722de7924","7697-37-2","7697372",152686,"1356","https://www.nj.gov/health/eoh/rtkweb/documents/fs/1356.pdf"
"9ab8c401-540f-48ed-a9d2-ebeecdd1a4a1","77-09-8","77098",6452,"4110","https://www.nj.gov/health/eoh/rtkweb/documents/fs/4110.pdf"
"9ab8bfb7-2014-48c0-a0bb-352ba8a2ca0d","77-47-4","77474",6494,"0980","https://www.nj.gov/health/eoh/rtkweb/documents/fs/0980.pdf"
"9ab8bcdb-e25f-4e73-9ce6-48884c4fea4f","77-73-6","77736",6643,"0681","https://www.nj.gov/health/eoh/rtkweb/documents/fs/0681.pdf"
"9ab8bdb7-59b0-43c1-a5bd-1be6cdb9e014","77-78-1","77781",6684,"0768","https://www.nj.gov/health/eoh/rtkweb/documents/fs/0768.pdf"
"9ab8b7a4-12db-4470-bf78-35d43b3516df","7726-95-6","7726956",153072,"0252","https://www.nj.gov/health/eoh/rtkweb/documents/fs/0252.pdf"
"9ab8c082-3b91-431d-ae40-e16a6fa7601e","77501-63-4","77501634",NA,"3550","https://www.nj.gov/health/eoh/rtkweb/documents/fs/3550.pdf"
"9ab8c493-fef1-4b31-8a80-bebe28d4ecbe","7758-01-02","7758012",153387,NA,""
"9ab8bf45-bcbf-41c8-8406-64e3617a3f7f","7782-41-4","7782414",154286,"0937","https://www.nj.gov/health/eoh/rtkweb/documents/fs/0937.pdf"
"9ab8c56f-690c-4cf9-8e97-18a113aefbc0","7782-49-2","7782492",154310,"1648","https://www.nj.gov/health/eoh/rtkweb/documents/fs/1648.pdf"
"9ab8b92a-3f20-4ae7-9add-32a1a107d010","7782-50-5","7782505",154328,"0367","https://www.nj.gov/health/eoh/rtkweb/documents/fs/0367.pdf"
"9ab8c020-9c13-4fe1-a652-02a963b0e96c","7783-06-04","7783064",154518,NA,""
"9ab8c1e9-0e2c-43a6-8e0a-2c69cdf0574d","7786-34-7","7786347",NA,"3507","https://www.nj.gov/health/eoh/rtkweb/documents/fs/3507.pdf"
"9ab8c737-ae1d-463e-9173-84b8557c54b2","78-48-8","78488",7146,"3360","https://www.nj.gov/health/eoh/rtkweb/documents/fs/3360.pdf"
"9ab8c061-9b57-4ead-b377-31a321fa88aa","78-79-5","78795",7328,"1069","https://www.nj.gov/health/eoh/rtkweb/documents/fs/1069.pdf"
"9ab8c049-2afe-49f5-9900-e3cde830b9a7","78-84-2","78842",7369,"1051","https://www.nj.gov/health/eoh/rtkweb/documents/fs/1051.pdf"
"9ab8bc72-4e70-49b4-8016-8c93bf8093bc","78-87-5","78875",7393,"0664","https://www.nj.gov/health/eoh/rtkweb/documents/fs/0664.pdf"
"9ab8bc7a-7964-44b4-822d-17bf9fb174db","78-88-6","78886",7401,"2929","https://www.nj.gov/health/eoh/rtkweb/documents/fs/2929.pdf"
"9ab8b80d-8b91-4273-8e25-8612a28daa82","78-92-2","78922",7435,"1645","https://www.nj.gov/health/eoh/rtkweb/documents/fs/1645.pdf"
"9ab8c452-b84c-45c0-8eda-a73d794a7b4a","7803-51-2","7803512",156588,"1514","https://www.nj.gov/health/eoh/rtkweb/documents/fs/1514.pdf"
"9ab8d122-1546-40f7-bdcc-12ad42aa9caf","78560-44-8","78560448",NA,NA,""
"9ab8c760-53d3-477d-83dd-aa3ced5126d0","79-00-5","79005",7518,"1889","https://www.nj.gov/health/eoh/rtkweb/documents/fs/1889.pdf"
"9ab8c768-652c-4c9b-bad2-50b82c8aec83","79-01-6","79016",7526,"1890","https://www.nj.gov/health/eoh/rtkweb/documents/fs/1890.pdf"
"9ab8b5cb-19b5-42ef-83c3-36655f469fca","79-06-1","79061",7575,"0022","https://www.nj.gov/health/eoh/rtkweb/documents/fs/0022.pdf"
"9ab8b5d3-2534-4dbb-a3fd-b0fc3069054a","79-10-7","79107",7617,"0023","https://www.nj.gov/health/eoh/rtkweb/documents/fs/0023.pdf"
"9ab8b93a-9061-4985-9b64-3cd93fc8f874","79-11-8","79118",7625,"0373","https://www.nj.gov/health/eoh/rtkweb/documents/fs/0373.pdf"
"9ab8c6a5-4db2-4a75-bc5d-4baf98c31b3b","79-19-6","79196",7666,"2823","https://www.nj.gov/health/eoh/rtkweb/documents/fs/2823.pdf"
"9ab8c3d8-dffe-433d-a4c2-3d0b8bdd953e","79-21-0","79210",7682,"1482","https://www.nj.gov/health/eoh/rtkweb/documents/fs/1482.pdf"
"9ab8c14e-5b76-417a-92c8-f5f04e110fb2","79-22-1","79221",7690,"1238","https://www.nj.gov/health/eoh/rtkweb/documents/fs/1238.pdf"
"9ab8c61a-987d-4551-b227-40e9ed972492","79-34-5","79345",7773,"1809","https://www.nj.gov/health/eoh/rtkweb/documents/fs/1809.pdf"
"9ab8bd86-4911-458f-9df4-1f9c09775923","79-44-7","79447",7864,"0746","https://www.nj.gov/health/eoh/rtkweb/documents/fs/0746.pdf"
"9ab8c2cc-a360-45bc-be7f-be9026a57b91","79-46-9","79469",7872,"1392","https://www.nj.gov/health/eoh/rtkweb/documents/fs/1392.pdf"
"9ab8c60a-6919-4061-bb9b-5d55db3a4372","79-94-7","79947",8045,"3763","https://www.nj.gov/health/eoh/rtkweb/documents/fs/3763.pdf"
"9ab8c071-dd85-4000-8daa-9231c8c864cd","80-05-7","80057",8110,"2388","https://www.nj.gov/health/eoh/rtkweb/documents/fs/2388.pdf"
"9ab8ba71-845f-4d92-a534-2d089d03dc4e","80-15-9","80159",8185,"0543","https://www.nj.gov/health/eoh/rtkweb/documents/fs/0543.pdf"
"9ab8c1b0-2c72-47ef-b4f0-f6aba2c0c2ed","80-62-6","80626",8458,"1277","https://www.nj.gov/health/eoh/rtkweb/documents/fs/1277.pdf"
"9ab8c6fe-e6f4-4a0d-b33a-51ccacac39de","8001-35-2","8001352",156919,"1871","https://www.nj.gov/health/eoh/rtkweb/documents/fs/1871.pdf"
"9ab8ba30-4545-4fb5-a7f7-1271f0014b66","8001-58-9","8001589",156950,"0517","https://www.nj.gov/health/eoh/rtkweb/documents/fs/0517.pdf"
"9ab8cf4a-f300-4334-b326-9d33f7d9f335","80010-37-3","80010373",NA,NA,""
"9ab8c55f-485a-43fa-898a-91b628594b9c","81-07-2","81072",NA,"1641","https://www.nj.gov/health/eoh/rtkweb/documents/fs/1641.pdf"
"9ab8b654-f08e-4f14-aff2-27f5b06c4e04","81-49-2","81492",NA,"4012","https://www.nj.gov/health/eoh/rtkweb/documents/fs/4012.pdf"
"9ab8b87e-bb9f-418c-b952-8a2ce8763dd7","81-88-9","81889",9027,"0505","https://www.nj.gov/health/eoh/rtkweb/documents/fs/0505.pdf"
"9ab8bcab-5ddd-4151-94cb-3420c3591dbf","0812-04-04","812044",NA,NA,""
"9ab8b65d-1876-40af-a9a1-a6defc182e59","82-28-0","82280",NA,"0076","https://www.nj.gov/health/eoh/rtkweb/documents/fs/0076.pdf"
"9ab8c546-6c69-4f4f-a570-4aa4f7d9517e","82-68-8","82688",9373,"1630","https://www.nj.gov/health/eoh/rtkweb/documents/fs/1630.pdf"
"9ab8c8fa-aabe-468c-b281-ddf36be1e9a8","822-06-0","822060",NA,"0995","https://www.nj.gov/health/eoh/rtkweb/documents/fs/0995.pdf"
"9ab8b740-7f9b-4e05-b79c-cc6cc9e812fe","82657-04-03","82657043",594945,NA,""
"9ab8d11a-041e-400f-b44d-18c8496ccde5","83048-65-1","83048651",NA,NA,""
"9ab8b634-b495-4f93-bb90-e7d475ed1048","0834-12-8","834128",NA,NA,""
"9ab8bb6d-903f-4084-9ab0-956a42aa02a0","84-74-2","84742",10025,"0773","https://www.nj.gov/health/eoh/rtkweb/documents/fs/0773.pdf"
"9ab8b897-30a2-4e19-ae32-50b9cb2a0f73","0842-07-09","842079",NA,NA,""
"9ab8ca63-b43f-4288-b531-8b4ef7cd83e1","84852-15-3","84852153",NA,NA,""
"9ab8c3f1-26fb-41bc-891b-5876049c0d17","85-01-8","85018",10199,"3004","https://www.nj.gov/health/eoh/rtkweb/documents/fs/3004.pdf"
"9ab8c462-fd01-4676-a821-b437fd987715","85-44-9","85449",10355,"1535","https://www.nj.gov/health/eoh/rtkweb/documents/fs/1535.pdf"
"9ab8c2ed-287f-47bc-917f-56885fb53f0e","86-30-6","86306",10702,"1408","https://www.nj.gov/health/eoh/rtkweb/documents/fs/1408.pdf"
"9ab8cc9e-acac-4665-98a2-4ba3afeac15b","865-86-1","865861",NA,NA,""
"9ab8c844-76b3-4b2d-b26a-fcbff0b3058f","87-62-7","87627",11296,"2016","https://www.nj.gov/health/eoh/rtkweb/documents/fs/2016.pdf"
"9ab8bfa6-f764-4890-92ff-965f0659a946","87-68-3","87683",11346,"0979","https://www.nj.gov/health/eoh/rtkweb/documents/fs/0979.pdf"
"9ab8c3c8-76bb-47d8-aab8-d8fdd898c2c8","87-86-5","87865",11437,"1473","https://www.nj.gov/health/eoh/rtkweb/documents/fs/1473.pdf"
"9ab8c1d0-89d6-45be-9529-3ca2fe06f473","872-50-4","872504",72744,"3716","https://www.nj.gov/health/eoh/rtkweb/documents/fs/3716.pdf"
"9ab8c780-b9c8-44ea-a0a0-31a08d011eb4","88-06-2","88062",11536,"1894","https://www.nj.gov/health/eoh/rtkweb/documents/fs/1894.pdf"
"9ab8c336-8b4f-4bfd-88e2-e83e4b265e24","88-72-2","88722",NA,"3021","https://www.nj.gov/health/eoh/rtkweb/documents/fs/3021.pdf"
"9ab8c2bc-7120-4551-976a-a833693a82e4","88-75-5","88755",12005,"1391","https://www.nj.gov/health/eoh/rtkweb/documents/fs/1391.pdf"
"9ab8bdd7-c915-4aac-af49-92debc6149f0","88-85-7","88857",12047,"2354","https://www.nj.gov/health/eoh/rtkweb/documents/fs/2354.pdf"
"9ab8c473-512e-456e-914e-9c2a5400b88f","88-89-1","88891",12070,"1946","https://www.nj.gov/health/eoh/rtkweb/documents/fs/1946.pdf"
"9ab8c222-03da-43a5-9a25-f73babed3ade","88671-89-0","88671890",600957,"3462","https://www.nj.gov/health/eoh/rtkweb/documents/fs/3462.pdf"
"9ab8b68d-bad3-46de-adbd-e802d03dfd54","90-04-0","90040",12815,"1421","https://www.nj.gov/health/eoh/rtkweb/documents/fs/1421.pdf"
"9ab8c43a-66af-4f50-8a85-7c1873fe16ba","90-43-7","90437",13003,"1439","https://www.nj.gov/health/eoh/rtkweb/documents/fs/1439.pdf"
"9ab8c1f1-253a-4088-b85c-1f894e349ede","90-94-8","90948",NA,"1305","https://www.nj.gov/health/eoh/rtkweb/documents/fs/1305.pdf"
"9ab8c1d8-a549-4905-ad45-b32c96843f99","9006-42-2","9006422",NA,"3717","https://www.nj.gov/health/eoh/rtkweb/documents/fs/3717.pdf"
"9ab8ca83-bf09-4bcc-852c-a1bd9021a5d3","9016-45-9","9016459",NA,NA,""
"9ab8c93b-bc78-40fc-9ff1-53419873c7d0","9016-87-9","9016879",NA,"4140","https://www.nj.gov/health/eoh/rtkweb/documents/fs/4140.pdf"
"9ab8bca2-fd8a-4550-987a-4e4b41513c5f","90454-18-5","90454185",NA,"3609","https://www.nj.gov/health/eoh/rtkweb/documents/fs/3609.pdf"
"9ab8ca6b-bed8-447d-af18-6446f76c2565","90481-04-02","90481042",NA,NA,""
"9ab8b922-307a-4c32-88d0-8d338358a75c","90982-32-4","90982324",602326,"3229","https://www.nj.gov/health/eoh/rtkweb/documents/fs/3229.pdf"
"9ab8c6de-1e55-4146-aaac-b6c7c1cee3be","91-08-7","91087",13243,"1868","https://www.nj.gov/health/eoh/rtkweb/documents/fs/1868.pdf"
"9ab8c23a-3c22-4a37-8f44-131dded02ec2","91-20-3","91203",13326,"1322","https://www.nj.gov/health/eoh/rtkweb/documents/fs/1322.pdf"
"9ab8c536-38e6-48af-8be8-d81a33568132","91-22-5","91225",13342,"1628","https://www.nj.gov/health/eoh/rtkweb/documents/fs/1628.pdf"
"9ab8c283-b072-4c7a-b067-ffda585ff39e","91-23-6","91236",NA,"3387","https://www.nj.gov/health/eoh/rtkweb/documents/fs/3387.pdf"
"9ab8c24a-b787-465a-ae17-3fb3b8fecba0","91-59-8","91598",NA,"1324","https://www.nj.gov/health/eoh/rtkweb/documents/fs/1324.pdf"
"9ab8c8e2-62e0-404d-8b38-f0f255fecebc","91-93-0","91930",NA,NA,""
"9ab8bba6-ac1a-4e8f-bdad-651738a2d611","91-94-1","91941",13755,"0644","https://www.nj.gov/health/eoh/rtkweb/documents/fs/0644.pdf"
"9ab8c8ea-8003-4814-9446-23b14ba876f9","91-97-4","91974",NA,NA,""
"9ab8b748-9412-4bde-9e43-3625a9b04c0e","92-52-4","92524",14183,"0795","https://www.nj.gov/health/eoh/rtkweb/documents/fs/0795.pdf"
"9ab8b64c-e0eb-43ba-8b4c-582d6960ebb8","92-67-1","92671",14308,"0072","https://www.nj.gov/health/eoh/rtkweb/documents/fs/0072.pdf"
"9ab8b707-e774-4f9f-bec7-f11f9386aa50","92-87-5","92875",14498,"0204","https://www.nj.gov/health/eoh/rtkweb/documents/fs/0204.pdf"
"9ab8c293-e6bd-4f69-a094-1e31e2e232f9","92-93-3","92933",NA,"0229","https://www.nj.gov/health/eoh/rtkweb/documents/fs/0229.pdf"
"9ab8c2d4-bbd4-47b1-bf2b-e21b2621f2e4","924-16-3","924163",73700,"1406","https://www.nj.gov/health/eoh/rtkweb/documents/fs/1406.pdf"
"9ab8c1b8-3f99-4a8c-818b-ced871dfac73","924-42-5","924425",73718,"3715","https://www.nj.gov/health/eoh/rtkweb/documents/fs/3715.pdf"
"9ab8c176-e6e5-488a-9780-986a80aee8dd","93-15-2","93152",NA,"4107","https://www.nj.gov/health/eoh/rtkweb/documents/fs/4107.pdf"
"9ab8c0d4-d717-42c4-a492-5c383621b480","93-65-2","93652",15008,"3093","https://www.nj.gov/health/eoh/rtkweb/documents/fs/3093.pdf"
"9ab8be49-be55-41f3-84bd-f887ba3c0c30","94-11-1","94111",NA,"2941","https://www.nj.gov/health/eoh/rtkweb/documents/fs/2941.pdf"
"9ab8b728-4587-4108-a76b-a25ec5ea5bd1","94-36-0","94360",15420,"0215","https://www.nj.gov/health/eoh/rtkweb/documents/fs/0215.pdf"
"9ab8bd1c-d811-4814-8d95-430819b38387","94-58-6","94586",15529,"0199","https://www.nj.gov/health/eoh/rtkweb/documents/fs/0199.pdf"
"9ab8c567-531e-4e0e-b120-c0482bf5a56f","94-59-7","94597",15537,"1642","https://www.nj.gov/health/eoh/rtkweb/documents/fs/1642.pdf"
"9ab8c11d-bdb1-4967-a731-4cd731736b21","94-74-6","94746",15644,"3094","https://www.nj.gov/health/eoh/rtkweb/documents/fs/3094.pdf"
"9ab8bab2-7bd6-4b73-85ee-5f320d55030d","94-75-7","94757",15651,"0593","https://www.nj.gov/health/eoh/rtkweb/documents/fs/0593.pdf"
"9ab8badb-3a16-4850-af97-a190a1071295","94-80-4","94804",15685,"2943","https://www.nj.gov/health/eoh/rtkweb/documents/fs/2943.pdf"
"9ab8bacb-0f85-470b-9866-c58beb5754e7","94-82-6","94826",15701,"3271","https://www.nj.gov/health/eoh/rtkweb/documents/fs/3271.pdf"
"9ab8c833-df37-4d58-849e-1af47ab22612","95-47-6","95476",16139,"2903","https://www.nj.gov/health/eoh/rtkweb/documents/fs/2903.pdf"
"9ab8ba50-e374-4b15-9d4d-f85ab093a181","95-48-7","95487",16147,"1426","https://www.nj.gov/health/eoh/rtkweb/documents/fs/1426.pdf"
"9ab8bb8e-400c-47ca-bbb5-c6202fc74a13","95-50-1","95501",16162,"0642","https://www.nj.gov/health/eoh/rtkweb/documents/fs/0642.pdf"
"9ab8c6ee-b84a-4412-8efa-ed14b9b3436a","95-53-4","95534",16196,"1442","https://www.nj.gov/health/eoh/rtkweb/documents/fs/1442.pdf"
"9ab8c419-c42f-4757-82cc-35dd5ec0ca22","95-54-5","95545",16204,"1495","https://www.nj.gov/health/eoh/rtkweb/documents/fs/1495.pdf"
"9ab8c7b1-6522-40a2-a710-2d36c000009f","95-63-6","95636",16261,"2716","https://www.nj.gov/health/eoh/rtkweb/documents/fs/2716.pdf"
"9ab8b9e6-c440-4dd6-9f6e-62f310341daa","95-69-2","95692",NA,"3657","https://www.nj.gov/health/eoh/rtkweb/documents/fs/3657.pdf"
"9ab8bb34-7d31-44ad-ba9e-03a5d9642817","95-80-7","95807",16410,"0613","https://www.nj.gov/health/eoh/rtkweb/documents/fs/0613.pdf"
"9ab8c778-aaeb-4d29-bba9-b24476ac489c","95-95-4","95954",16519,"1895","https://www.nj.gov/health/eoh/rtkweb/documents/fs/1895.pdf"
"9ab8cf32-80c3-404c-9221-3f73698285f1","95144-12-0","95144120",NA,NA,""
"9ab8be19-2f3f-4df2-87ff-31aa103cebcf","957-51-7","957517",NA,"3290","https://www.nj.gov/health/eoh/rtkweb/documents/fs/3290.pdf"
"9ab8c5d1-ae23-43df-9b55-65e65af75f97","96-09-3","96093",NA,"1749","https://www.nj.gov/health/eoh/rtkweb/documents/fs/1749.pdf"
"9ab8bb55-300c-4c83-8b18-97d55ceb6742","96-12-8","96128",16618,"0595","https://www.nj.gov/health/eoh/rtkweb/documents/fs/0595.pdf"
"9ab8c788-e557-4724-8590-2fe6df651725","96-18-4","96184",16675,"1902","https://www.nj.gov/health/eoh/rtkweb/documents/fs/1902.pdf"
"9ab8c13e-06bc-4853-a749-424697352a30","96-33-3","96333",16790,"1219","https://www.nj.gov/health/eoh/rtkweb/documents/fs/1219.pdf"
"9ab8bedc-213e-4174-b219-1e98b41a4bca","96-45-7","96457",16857,"0883","https://www.nj.gov/health/eoh/rtkweb/documents/fs/0883.pdf"
"9ab8c63b-3f3a-45de-99fc-fd89c928e80f","0961-11-5","961115",75366,NA,""
"9ab8bc61-70ef-4d70-bd31-3b33e2107bf8","97-23-4","97234",NA,"3684","https://www.nj.gov/health/eoh/rtkweb/documents/fs/3684.pdf"
"9ab8b88e-ecdf-4169-8da2-e15b81368c49","97-56-3","97563",NA,"0507","https://www.nj.gov/health/eoh/rtkweb/documents/fs/0507.pdf"
"9ab8d193-c6ec-4173-8d70-6b0fe2b477e3","97553-95-2","97553952",NA,NA,""
"9ab8cc05-1761-4365-a6f2-b5a61ac73b8b","97659-47-7","97659477",NA,NA,""
"9ab8b718-16b8-4fdb-b4fc-501129cde295","98-07-7","98077",17756,"0212","https://www.nj.gov/health/eoh/rtkweb/documents/fs/0212.pdf"
"9ab8ba69-5a67-443e-92f7-e7c152930f95","98-82-8","98828",18309,"0542","https://www.nj.gov/health/eoh/rtkweb/documents/fs/0542.pdf"
"9ab8b5aa-c445-4c3e-8c4a-46a7664b7275","98-86-2","98862",18333,"2961","https://www.nj.gov/health/eoh/rtkweb/documents/fs/2961.pdf"
"9ab8b6ef-0cf0-426a-aa35-47b3ff01998f","98-87-3","98873",18341,"0195","https://www.nj.gov/health/eoh/rtkweb/documents/fs/0195.pdf"
"9ab8b720-344f-4b6b-9217-a2a44d7a88da","98-88-4","98884",18358,"0214","https://www.nj.gov/health/eoh/rtkweb/documents/fs/0214.pdf"
"9ab8c28b-c02a-4eb2-a120-bbd3cf1c4db1","98-95-3","98953",18408,"1361","https://www.nj.gov/health/eoh/rtkweb/documents/fs/1361.pdf"
"9ab8b845-f533-4146-a742-e59beeea6046","989-38-8","989388",NA,"0449","https://www.nj.gov/health/eoh/rtkweb/documents/fs/0449.pdf"
"9ab8bb7d-f3b9-4c6b-9f18-b2090867e29a","99-30-9","99309",NA,"3671","https://www.nj.gov/health/eoh/rtkweb/documents/fs/3671.pdf"
"9ab8c33e-a38b-4db6-99b2-b73f4782f353","99-55-8","99558",18754,"1444","https://www.nj.gov/health/eoh/rtkweb/documents/fs/1444.pdf"
"9ab8c27b-6693-450b-9a95-17de3529cc23","99-59-2","99592",NA,"1388","https://www.nj.gov/health/eoh/rtkweb/documents/fs/1388.pdf"
"9ab8bdbf-6e59-44eb-875d-840f69fea5b6","99-65-0","99650",18846,"3017","https://www.nj.gov/health/eoh/rtkweb/documents/fs/3017.pdf"
"9ac7c5b8-9a2a-41e3-a5ee-53aa2ae450a3","MIXTURE",NA,NA,NA,""
"9ab8c85c-fec2-41ad-8cd9-b2a57daa0fa4","N010","N010",649921,NA,""
"9ab8c864-a3b8-4c06-8b8f-7160115a6b2b","N020","N020",649418,NA,""
"9ab8c86c-49af-4430-9942-125993f79902","N040","N040",649426,NA,""
"9ab8c873-ee64-45e0-b79b-da1635565ea5","N050","N050",649947,NA,""
"9ab8c87b-95ac-4e9d-a00d-174fc8ea6354","N078","N078",649954,NA,""
"9ab8c883-3b08-45e7-867e-e711f94f5256","N084","N084",650291,NA,""
"9ab8c88a-ddc7-4e1e-88fb-8fea6bec7f9b","N090","N090",649475,NA,""
"9ab8c892-8841-4f8b-8bc6-1384456801ef","N096","N096",649970,NA,""
"9ab8c89a-329a-4216-9b6a-ec3ebcf922f8","N100","N100",649491,NA,""
"9ab8c8a1-e2c5-470a-99ae-fc11879a5c1f","N106","N106",649988,NA,""
"9ab8c8a9-87ba-4ecb-8692-4e21d6232c49","N120","N120",649715,NA,""
"9ab8c954-05a5-4b92-9a8c-313fa9209879","N150","N150",755371,NA,""
"9ab8c9e6-0a19-476f-aaee-12ae17bf562c","N171","N171",649889,NA,""
"9ab8c9ed-b895-4ce0-9be0-e01e9728d263","N230","N230",649541,NA,""
"9ab8c9f5-6474-4226-ae85-5991f211ad29","N270","N270",1827615,NA,""
"9ab8ca0d-45b5-4030-b500-33909196fd4d","N420","N420",650002,NA,""
"9ab8ca14-ea56-4a43-90aa-760a5614be94","N450","N450",650010,NA,""
"9ab8ca1c-9740-41a6-9a02-c50d5a32b762","N458","N458",650028,NA,""
"9ab8ca24-465b-462b-9566-cf116977e5c3","N495","N495",650036,NA,""
"9ab8ca2b-f2a3-4064-b973-557f2fb48a24","N503","N503",649897,NA,""
"9ab8ca33-9b1e-42f1-be49-1c4f71d950c0","N511","N511",649616,NA,""
"9ab8ca3b-40ca-448f-b1c9-37d06651ddc8","N530","N530",1827619,NA,""
"9ab8ca73-ea1a-4a1c-8637-005c862427b7","N535","N535",1978074,NA,""
"9ab8cae5-881d-4d11-87a9-9f2842d50537","N575","N575",761288,NA,""
"9ab8caed-2c9a-436e-9f6f-2520daa7eae5","N583","N583",1737085,NA,""
"9ab8caf4-d56d-47bd-ba57-a74d383094df","N590","N590",649749,NA,""
"9ab8cbc7-5d6a-4a13-a9ec-0bc3244b8a16","N725","N725",650044,NA,""
"9ab8cbcf-0427-43d6-baf5-726674a21229","N740","N740",761312,NA,""
"9ab8cbd6-a897-4607-95b9-cffdc487bb6a","N746","N746",649905,NA,""
"9ab8cbde-52e6-4863-bd97-583c5bfc4f9d","N760","N760",649673,NA,""
"9ab8cbe5-facf-44d4-8804-df17fbe7c0d7","N770","N770",755389,NA,""
"9ab8cbed-a699-4b68-af6e-9691d36d2e06","N874","N874",649681,NA,""
"9ab8cbf5-5117-4ef6-8da9-7b7a8df5c230","N982","N982",649699,NA,""
"9ac7dd50-1b24-466a-a206-160c7bbbebce","TRD SECRT",NA,NA,NA,""
